"Date.Time","predict","cars"
"1","2016-04-17 00:04:00",5.04454148629149,2
"2","2016-04-17 00:09:00",5.04454148629149,2
"3","2016-04-17 00:14:00",5.04454148629149,2
"4","2016-04-17 00:19:00",5.04454148629149,2
"5","2016-04-17 00:24:00",5.04454148629149,2
"6","2016-04-17 00:29:00",5.04454148629149,2
"7","2016-04-17 00:34:00",13.106394971695,2
"8","2016-04-17 00:39:00",13.106394971695,2
"9","2016-04-17 00:44:00",13.106394971695,2
"10","2016-04-17 00:49:00",13.106394971695,1
"11","2016-04-17 00:54:00",13.106394971695,1
"12","2016-04-17 00:59:00",13.104394971695,1
"13","2016-04-17 01:04:00",13.106394971695,1
"14","2016-04-17 01:09:00",13.106394971695,1
"15","2016-04-17 01:14:00",13.106394971695,1
"16","2016-04-17 01:19:00",13.106394971695,1
"17","2016-04-17 01:24:00",13.106394971695,1
"18","2016-04-17 01:29:00",13.106394971695,1
"19","2016-04-17 01:34:00",15.3568386668887,1
"20","2016-04-17 01:39:00",15.3568386668887,1
"21","2016-04-17 01:44:00",15.3568386668887,1
"22","2016-04-17 01:49:00",15.3568386668887,1
"23","2016-04-17 01:54:00",15.3568386668887,0
"24","2016-04-17 01:59:00",15.3568386668887,0
"25","2016-04-17 02:04:00",15.3568386668887,0
"26","2016-04-17 02:09:00",15.3568386668887,0
"27","2016-04-17 02:14:00",15.3568386668887,0
"28","2016-04-17 02:19:00",15.3568386668887,0
"29","2016-04-17 02:24:00",15.3568386668887,0
"30","2016-04-17 02:29:00",15.3568386668887,0
"31","2016-04-17 02:34:00",14.906617016317,0
"32","2016-04-17 02:39:00",14.906617016317,0
"33","2016-04-17 02:44:00",14.906617016317,0
"34","2016-04-17 02:49:00",14.906617016317,0
"35","2016-04-17 02:54:00",14.906617016317,0
"36","2016-04-17 02:59:00",14.906617016317,0
"37","2016-04-17 03:04:00",14.906617016317,0
"38","2016-04-17 03:09:00",14.906617016317,0
"39","2016-04-17 03:14:00",14.906617016317,0
"40","2016-04-17 03:19:00",14.906617016317,0
"41","2016-04-17 03:24:00",14.906617016317,0
"42","2016-04-17 03:29:00",14.906617016317,0
"43","2016-04-17 03:34:00",13.3038199189699,0
"44","2016-04-17 03:39:00",13.2940199189699,0
"45","2016-04-17 03:44:00",13.2995532523032,0
"46","2016-04-17 03:49:00",13.2976199189699,0
"47","2016-04-17 03:54:00",13.2985532523032,0
"48","2016-04-17 03:59:00",13.3179532523032,0
"49","2016-04-17 04:04:00",13.3190865856366,0
"50","2016-04-17 04:09:00",13.3164865856366,0
"51","2016-04-17 04:14:00",13.3178199189699,0
"52","2016-04-17 04:19:00",13.3168199189699,0
"53","2016-04-17 04:24:00",13.3154865856366,0
"54","2016-04-17 04:29:00",13.3170199189699,0
"55","2016-04-17 04:34:00",9.7026491008991,0
"56","2016-04-17 04:39:00",9.7006491008991,0
"57","2016-04-17 04:44:00",9.7006491008991,0
"58","2016-04-17 04:49:00",9.7006491008991,0
"59","2016-04-17 04:54:00",9.7046491008991,0
"60","2016-04-17 04:59:00",9.7026491008991,0
"61","2016-04-17 05:04:00",7.4120611999112,0
"62","2016-04-17 05:09:00",7.4120611999112,0
"63","2016-04-17 05:14:00",7.4120611999112,0
"64","2016-04-17 05:19:00",7.4120611999112,0
"65","2016-04-17 05:24:00",7.4120611999112,0
"66","2016-04-17 05:29:00",7.4120611999112,0
"67","2016-04-17 05:34:00",8.16744149902385,0
"68","2016-04-17 05:39:00",8.16744149902385,0
"69","2016-04-17 05:44:00",8.16744149902385,0
"70","2016-04-17 05:49:00",8.16744149902385,0
"71","2016-04-17 05:54:00",8.16744149902385,0
"72","2016-04-17 05:59:00",8.16744149902385,0
"73","2016-04-17 06:04:00",8.16744149902385,0
"74","2016-04-17 06:09:00",8.16744149902385,0
"75","2016-04-17 06:14:00",8.16744149902385,0
"76","2016-04-17 06:19:00",8.16744149902385,0
"77","2016-04-17 06:24:00",8.16744149902385,0
"78","2016-04-17 06:29:00",8.16744149902385,0
"79","2016-04-17 06:34:00",10.1218460444784,0
"80","2016-04-17 06:39:00",10.1218460444784,0
"81","2016-04-17 06:44:00",10.1218460444784,0
"82","2016-04-17 06:49:00",10.1218460444784,0
"83","2016-04-17 06:54:00",10.1218460444784,0
"84","2016-04-17 06:59:00",10.1218460444784,0
"85","2016-04-17 07:04:00",10.1218460444784,0
"86","2016-04-17 07:09:00",10.1218460444784,0
"87","2016-04-17 07:14:00",10.1218460444784,0
"88","2016-04-17 07:19:00",10.1218460444784,0
"89","2016-04-17 07:24:00",10.1218460444784,0
"90","2016-04-17 07:29:00",10.1218460444784,0
"91","2016-04-17 07:34:00",12.3923443350767,0
"92","2016-04-17 07:39:00",12.3955443350767,0
"93","2016-04-17 07:44:00",12.3923443350767,0
"94","2016-04-17 07:49:00",12.3937443350767,0
"95","2016-04-17 07:54:00",12.4055443350767,0
"96","2016-04-17 07:59:00",12.4067443350767,0
"97","2016-04-17 08:04:00",12.4015443350767,0
"98","2016-04-17 08:09:00",12.4208443350767,0
"99","2016-04-17 08:14:00",12.4280443350767,0
"100","2016-04-17 08:19:00",12.4473322138646,0
"101","2016-04-17 08:24:00",12.4555205255529,0
"102","2016-04-17 08:29:00",12.4449110017434,0
"103","2016-04-17 08:34:00",11.7354016723473,0
"104","2016-04-17 08:39:00",11.7305448347404,0
"105","2016-04-17 08:44:00",11.7348218188674,1
"106","2016-04-17 08:49:00",11.7340361045817,1
"107","2016-04-17 08:54:00",11.7355615014071,1
"108","2016-04-17 08:59:00",11.7377170569627,1
"109","2016-04-17 09:04:00",11.738450390296,1
"110","2016-04-17 09:09:00",11.7352350056806,1
"111","2016-04-17 09:14:00",11.735150390296,2
"112","2016-04-17 09:19:00",11.775200390296,2
"113","2016-04-17 09:24:00",11.7873376918833,2
"114","2016-04-17 09:29:00",11.7881542863999,3
"115","2016-04-17 09:34:00",10.4940019434814,3
"116","2016-04-17 09:39:00",10.5260409766704,3
"117","2016-04-17 09:44:00",10.5776052623847,4
"118","2016-04-17 09:49:00",10.5807076433371,4
"119","2016-04-17 09:54:00",10.5800528814323,4
"120","2016-04-17 09:59:00",10.5993948838743,5
"121","2016-04-17 10:04:00",10.6207814528609,6
"122","2016-04-17 10:09:00",10.6207274846069,6
"123","2016-04-17 10:14:00",10.6702960216254,6
"124","2016-04-17 10:19:00",10.7636812475107,6
"125","2016-04-17 10:24:00",10.7635108179402,7
"126","2016-04-17 10:29:00",10.8025322465117,10
"127","2016-04-17 10:34:00",11.8049551060051,10
"128","2016-04-17 10:39:00",11.8073812964813,12
"129","2016-04-17 10:44:00",11.8761360583861,13
"130","2016-04-17 10:49:00",11.9360003441004,15
"131","2016-04-17 10:54:00",11.8945598679099,16
"132","2016-04-17 10:59:00",12.0343051060051,17
"133","2016-04-17 11:04:00",30.0947283549784,17
"134","2016-04-17 11:09:00",30.1176235930736,18
"135","2016-04-17 11:14:00",30.6638497835498,18
"136","2016-04-17 11:19:00",30.9250569264069,18
"137","2016-04-17 11:24:00",30.9289354978355,18
"138","2016-04-17 11:29:00",31.1352021645022,18
"139","2016-04-17 11:34:00",32.908160181322,19
"140","2016-04-17 11:39:00",33.1915688781807,21
"141","2016-04-17 11:44:00",32.951033197195,23
"142","2016-04-17 11:49:00",33.4194615854734,23
"143","2016-04-17 11:54:00",33.9565212924331,25
"144","2016-04-17 11:59:00",33.9962974829093,25
"145","2016-04-17 12:04:00",34.1056617686235,27
"146","2016-04-17 12:09:00",34.4718704987823,28
"147","2016-04-17 12:14:00",34.6236308162426,28
"148","2016-04-17 12:19:00",34.9372591712209,31
"149","2016-04-17 12:24:00",35.417556213068,32
"150","2016-04-17 12:29:00",36.3792355866356,33
"151","2016-04-17 12:34:00",32.8362294094794,33
"152","2016-04-17 12:39:00",33.2629202908203,35
"153","2016-04-17 12:44:00",33.7587061494062,38
"154","2016-04-17 12:49:00",34.0508067987568,39
"155","2016-04-17 12:54:00",34.1789306082806,38
"156","2016-04-17 12:59:00",34.3317425130425,39
"157","2016-04-17 13:04:00",34.6429356587857,39
"158","2016-04-17 13:09:00",34.5294663225663,42
"159","2016-04-17 13:14:00",34.8111591797092,43
"160","2016-04-17 13:19:00",34.59417995893,45
"161","2016-04-17 13:24:00",34.5270848207348,46
"162","2016-04-17 13:29:00",34.2133774336775,45
"163","2016-04-17 13:34:00",33.4043173049173,45
"164","2016-04-17 13:39:00",33.3207363525364,45
"165","2016-04-17 13:44:00",33.3562411144411,43
"166","2016-04-17 13:49:00",33.1338696858697,40
"167","2016-04-17 13:54:00",33.0085387334887,39
"168","2016-04-17 13:59:00",32.8197792096792,37
"169","2016-04-17 14:04:00",31.0680210511711,34
"170","2016-04-17 14:09:00",30.5587452935953,33
"171","2016-04-17 14:14:00",30.1031929126429,33
"172","2016-04-17 14:19:00",29.8385686702187,33
"173","2016-04-17 14:24:00",29.6969543845044,33
"174","2016-04-17 14:29:00",29.5460067654568,32
"175","2016-04-17 14:34:00",31.9369742979243,32
"176","2016-04-17 14:39:00",31.5488147741148,29
"177","2016-04-17 14:44:00",31.267832955933,25
"178","2016-04-17 14:49:00",31.2114496225996,25
"179","2016-04-17 14:54:00",31.2143385836386,24
"180","2016-04-17 14:59:00",30.9925433455434,23
"181","2016-04-17 15:04:00",30.6881036630037,23
"182","2016-04-17 15:09:00",30.7458655677656,21
"183","2016-04-17 15:14:00",30.7760155677656,21
"184","2016-04-17 15:19:00",30.8034004884005,23
"185","2016-04-17 15:24:00",30.6748155677656,23
"186","2016-04-17 15:29:00",30.4951560439561,22
"187","2016-04-17 15:34:00",28.7354422799423,21
"188","2016-04-17 15:39:00",28.5269756132756,21
"189","2016-04-17 15:44:00",28.4577455988456,21
"190","2016-04-17 15:49:00",28.4681756132756,21
"191","2016-04-17 15:54:00",28.5623653568654,21
"192","2016-04-17 15:59:00",28.53563996004,21
"193","2016-04-17 16:04:00",28.4247327561328,21
"194","2016-04-17 16:09:00",28.3745660894661,22
"195","2016-04-17 16:14:00",28.3581422799423,22
"196","2016-04-17 16:19:00",28.310227994228,22
"197","2016-04-17 16:24:00",28.1725337551338,20
"198","2016-04-17 16:29:00",28.039666944167,20
"199","2016-04-17 16:34:00",28.6159057720058,18
"200","2016-04-17 16:39:00",28.6401057720058,20
"201","2016-04-17 16:44:00",28.5651724386725,20
"202","2016-04-17 16:49:00",28.5814057720058,20
"203","2016-04-17 16:54:00",28.6002914862915,20
"204","2016-04-17 16:59:00",28.3654081529582,18
"205","2016-04-17 17:04:00",24.7041049522373,17
"206","2016-04-17 17:09:00",24.6815120950944,17
"207","2016-04-17 17:14:00",24.601738651871,16
"208","2016-04-17 17:19:00",24.566240666523,16
"209","2016-04-17 17:24:00",24.5277763808087,15
"210","2016-04-17 17:29:00",24.7292053185377,14
"211","2016-04-17 17:34:00",25.1349960420299,14
"212","2016-04-17 17:39:00",25.1340769944108,12
"213","2016-04-17 17:44:00",25.1461577636416,12
"214","2016-04-17 17:49:00",25.1595603277441,14
"215","2016-04-17 17:54:00",25.1600293753632,14
"216","2016-04-17 17:59:00",25.1801484229822,15
"217","2016-04-17 18:04:00",25.2179103277441,17
"218","2016-04-17 18:09:00",25.1844103277441,18
"219","2016-04-17 18:14:00",25.2142039785378,18
"220","2016-04-17 18:19:00",25.1956103277441,19
"221","2016-04-17 18:24:00",25.2844657001495,19
"222","2016-04-17 18:29:00",25.2982706452045,19
"223","2016-04-17 18:34:00",22.4497473836621,19
"224","2016-04-17 18:39:00",22.5428354789002,18
"225","2016-04-17 18:44:00",22.4619354789002,19
"226","2016-04-17 18:49:00",22.4839688122335,20
"227","2016-04-17 18:54:00",22.5234973836621,17
"228","2016-04-17 18:59:00",22.5462688122335,16
"229","2016-04-17 19:04:00",22.4878688122335,15
"230","2016-04-17 19:09:00",22.4951688122335,15
"231","2016-04-17 19:14:00",22.4945188122335,14
"232","2016-04-17 19:19:00",22.4745188122335,14
"233","2016-04-17 19:24:00",22.4014854789002,14
"234","2016-04-17 19:29:00",22.4273140503288,14
"235","2016-04-17 19:34:00",21.1084475246975,14
"236","2016-04-17 19:39:00",20.995120967921,15
"237","2016-04-17 19:44:00",20.9658284770785,15
"238","2016-04-17 19:49:00",20.8807427627928,14
"239","2016-04-17 19:54:00",20.8399543012543,14
"240","2016-04-17 19:59:00",20.8588951437451,13
"241","2016-04-17 20:04:00",20.7818927627928,13
"242","2016-04-17 20:09:00",20.776207048507,12
"243","2016-04-17 20:14:00",20.6851141913642,11
"244","2016-04-17 20:19:00",20.6602284770785,9
"245","2016-04-17 20:24:00",20.5570451437451,9
"246","2016-04-17 20:29:00",20.3768808580309,7
"247","2016-04-17 20:34:00",18.2997566766567,7
"248","2016-04-17 20:39:00",18.0743852480853,7
"249","2016-04-17 20:44:00",17.9410090576091,7
"250","2016-04-17 20:49:00",17.9439947718948,6
"251","2016-04-17 20:54:00",17.9227566766567,6
"252","2016-04-17 20:59:00",17.9378042957043,6
"253","2016-04-17 21:04:00",17.9231566766567,6
"254","2016-04-17 21:09:00",17.8585090576091,5
"255","2016-04-17 21:14:00",17.8538757242757,6
"256","2016-04-17 21:19:00",17.8467376290376,5
"257","2016-04-17 21:24:00",17.8100233433233,5
"258","2016-04-17 21:29:00",17.7218804861805,5
"259","2016-04-17 21:34:00",17.9421862137862,4
"260","2016-04-17 21:39:00",17.9349862137862,4
"261","2016-04-17 21:44:00",17.9388195471195,3
"262","2016-04-17 21:49:00",17.9369862137862,0
"263","2016-04-17 21:54:00",17.9400195471195,0
"264","2016-04-17 21:59:00",17.9349862137862,0
"265","2016-04-17 22:04:00",17.9388195471195,0
"266","2016-04-17 22:09:00",17.9289862137862,0
"267","2016-04-17 22:14:00",17.9349862137862,0
"268","2016-04-17 22:19:00",17.9349862137862,0
"269","2016-04-17 22:24:00",17.9309862137862,0
"270","2016-04-17 22:29:00",17.9308195471195,0
"271","2016-04-17 22:34:00",15.8275243589743,0
"272","2016-04-17 22:39:00",15.8275243589743,0
"273","2016-04-17 22:44:00",15.8275243589743,0
"274","2016-04-17 22:49:00",15.8275243589743,0
"275","2016-04-17 22:54:00",15.8275243589743,0
"276","2016-04-17 22:59:00",15.8275243589743,0
"277","2016-04-17 23:04:00",15.8275243589743,0
"278","2016-04-17 23:09:00",15.8275243589743,0
"279","2016-04-17 23:14:00",15.8275243589743,0
"280","2016-04-17 23:19:00",15.8275243589743,0
"281","2016-04-17 23:24:00",15.8275243589743,0
"282","2016-04-17 23:29:00",15.8275243589743,0
"283","2016-04-17 23:34:00",9.62020956265956,0
"284","2016-04-17 23:39:00",9.62020956265956,0
"285","2016-04-17 23:44:00",9.62020956265956,0
"286","2016-04-17 23:49:00",9.62020956265956,0
"287","2016-04-17 23:54:00",9.62020956265956,0
"288","2016-04-17 23:59:00",9.62020956265956,0
"289","2016-04-18 00:04:00",11.7404791541792,0
"290","2016-04-18 00:09:00",11.7404791541792,0
"291","2016-04-18 00:14:00",11.7404791541792,0
"292","2016-04-18 00:19:00",11.7404791541792,0
"293","2016-04-18 00:24:00",11.7404791541792,0
"294","2016-04-18 00:29:00",11.7404791541792,0
"295","2016-04-18 00:34:00",6.20956522366522,0
"296","2016-04-18 00:39:00",6.20956522366522,0
"297","2016-04-18 00:44:00",6.20956522366522,0
"298","2016-04-18 00:49:00",6.20956522366522,0
"299","2016-04-18 00:54:00",6.20956522366522,0
"300","2016-04-18 00:59:00",6.20956522366522,0
"301","2016-04-18 01:04:00",6.20956522366522,0
"302","2016-04-18 01:09:00",6.20956522366522,0
"303","2016-04-18 01:14:00",6.20956522366522,0
"304","2016-04-18 01:19:00",6.20956522366522,0
"305","2016-04-18 01:24:00",6.20956522366522,0
"306","2016-04-18 01:29:00",6.20956522366522,0
"307","2016-04-18 01:34:00",4.168833005883,0
"308","2016-04-18 01:39:00",4.168833005883,0
"309","2016-04-18 01:44:00",4.168833005883,0
"310","2016-04-18 01:49:00",4.168833005883,0
"311","2016-04-18 01:54:00",4.168833005883,0
"312","2016-04-18 01:59:00",4.168833005883,0
"313","2016-04-18 02:04:00",4.168833005883,0
"314","2016-04-18 02:09:00",4.168833005883,0
"315","2016-04-18 02:14:00",4.168833005883,0
"316","2016-04-18 02:19:00",4.168833005883,0
"317","2016-04-18 02:24:00",4.168833005883,0
"318","2016-04-18 02:29:00",4.168833005883,0
"319","2016-04-18 02:34:00",2.68352619047619,0
"320","2016-04-18 02:39:00",2.68352619047619,0
"321","2016-04-18 02:44:00",2.68352619047619,0
"322","2016-04-18 02:49:00",2.68352619047619,0
"323","2016-04-18 02:54:00",2.68352619047619,0
"324","2016-04-18 02:59:00",2.68352619047619,0
"325","2016-04-18 03:04:00",2.68352619047619,0
"326","2016-04-18 03:09:00",2.68352619047619,0
"327","2016-04-18 03:14:00",2.68352619047619,0
"328","2016-04-18 03:19:00",2.68352619047619,0
"329","2016-04-18 03:24:00",2.68352619047619,0
"330","2016-04-18 03:29:00",2.68352619047619,0
"331","2016-04-18 03:34:00",1.87948571428571,0
"332","2016-04-18 03:39:00",1.88308571428571,0
"333","2016-04-18 03:44:00",1.88215238095238,0
"334","2016-04-18 03:49:00",1.88498571428571,0
"335","2016-04-18 03:54:00",1.88148571428571,0
"336","2016-04-18 03:59:00",1.88298571428571,0
"337","2016-04-18 04:04:00",1.89641904761905,0
"338","2016-04-18 04:09:00",1.89708571428571,0
"339","2016-04-18 04:14:00",1.89631904761905,0
"340","2016-04-18 04:19:00",1.88708571428571,1
"341","2016-04-18 04:24:00",1.89748571428571,1
"342","2016-04-18 04:29:00",1.90258571428571,1
"343","2016-04-18 04:34:00",1.84347662337662,1
"344","2016-04-18 04:39:00",1.84347662337662,1
"345","2016-04-18 04:44:00",1.84547662337662,1
"346","2016-04-18 04:49:00",1.84347662337662,1
"347","2016-04-18 04:54:00",1.84347662337662,1
"348","2016-04-18 04:59:00",1.84547662337662,1
"349","2016-04-18 05:04:00",3.8167246031746,1
"350","2016-04-18 05:09:00",3.8167246031746,1
"351","2016-04-18 05:14:00",3.8167246031746,2
"352","2016-04-18 05:19:00",3.8167246031746,2
"353","2016-04-18 05:24:00",3.8167246031746,2
"354","2016-04-18 05:29:00",3.8167246031746,2
"355","2016-04-18 05:34:00",10.2712848484848,2
"356","2016-04-18 05:39:00",10.2712848484848,2
"357","2016-04-18 05:44:00",10.2712848484848,2
"358","2016-04-18 05:49:00",10.2712848484848,2
"359","2016-04-18 05:54:00",10.2712848484848,2
"360","2016-04-18 05:59:00",10.2712848484848,2
"361","2016-04-18 06:04:00",10.2712848484848,2
"362","2016-04-18 06:09:00",10.2712848484848,2
"363","2016-04-18 06:14:00",10.2712848484848,2
"364","2016-04-18 06:19:00",10.2712848484848,2
"365","2016-04-18 06:24:00",10.2712848484848,2
"366","2016-04-18 06:29:00",10.2712848484848,2
"367","2016-04-18 06:34:00",8.67893254719137,3
"368","2016-04-18 06:39:00",8.68729921385803,3
"369","2016-04-18 06:44:00",8.67703492814374,3
"370","2016-04-18 06:49:00",8.68673254719137,3
"371","2016-04-18 06:54:00",8.6848658805247,4
"372","2016-04-18 06:59:00",8.6817658805247,4
"373","2016-04-18 07:04:00",8.70273254719137,4
"374","2016-04-18 07:09:00",8.69844921385803,6
"375","2016-04-18 07:14:00",8.76854921385803,7
"376","2016-04-18 07:19:00",8.82656826147708,8
"377","2016-04-18 07:24:00",8.99441826147708,8
"378","2016-04-18 07:29:00",9.4025564967712,8
"379","2016-04-18 07:34:00",22.6153777666778,9
"380","2016-04-18 07:39:00",22.9106944333444,10
"381","2016-04-18 07:44:00",23.2092089355089,15
"382","2016-04-18 07:49:00",24.1670065545566,17
"383","2016-04-18 07:54:00",24.6962998445999,22
"384","2016-04-18 07:59:00",24.5860111000111,26
"385","2016-04-18 08:04:00",25.2396072039072,31
"386","2016-04-18 08:09:00",25.3598331779332,35
"387","2016-04-18 08:14:00",26.2320517926518,41
"388","2016-04-18 08:19:00",27.3396981129981,46
"389","2016-04-18 08:24:00",28.1750173271173,51
"390","2016-04-18 08:29:00",28.6990064102564,63
"391","2016-04-18 08:34:00",78.2677407148408,71
"392","2016-04-18 08:39:00",79.2446426628927,77
"393","2016-04-18 08:44:00",81.0210593295593,84
"394","2016-04-18 08:49:00",82.0107169053169,93
"395","2016-04-18 08:54:00",84.557279026529,98
"396","2016-04-18 08:59:00",84.5541456931957,106
"397","2016-04-18 09:04:00",85.4424028360528,112
"398","2016-04-18 09:09:00",85.7320028360529,117
"399","2016-04-18 09:14:00",85.9442028360529,123
"400","2016-04-18 09:19:00",86.1605695027195,123
"401","2016-04-18 09:24:00",86.2912695027195,123
"402","2016-04-18 09:29:00",86.3000195027195,123
"403","2016-04-18 09:34:00",82.2142973887224,123
"404","2016-04-18 09:39:00",82.2199640553891,123
"405","2016-04-18 09:44:00",82.2168711982462,123
"406","2016-04-18 09:49:00",82.2191116744367,123
"407","2016-04-18 09:54:00",82.2124473887224,123
"408","2016-04-18 09:59:00",82.3191711982462,123
"409","2016-04-18 10:04:00",82.3105322372072,123
"410","2016-04-18 10:09:00",82.2941750943501,122
"411","2016-04-18 10:14:00",82.0939893800644,120
"412","2016-04-18 10:19:00",82.2143497696748,120
"413","2016-04-18 10:24:00",82.2107323093573,122
"414","2016-04-18 10:29:00",82.2098545315795,122
"415","2016-04-18 10:34:00",101.709416966367,122
"416","2016-04-18 10:39:00",101.475416966367,122
"417","2016-04-18 10:44:00",101.475416966367,122
"418","2016-04-18 10:49:00",101.475416966367,122
"419","2016-04-18 10:54:00",101.475416966367,122
"420","2016-04-18 10:59:00",101.475416966367,122
"421","2016-04-18 11:04:00",119.947136580087,122
"422","2016-04-18 11:09:00",119.943803246753,122
"423","2016-04-18 11:14:00",119.943803246753,122
"424","2016-04-18 11:19:00",119.945803246753,122
"425","2016-04-18 11:24:00",119.943803246753,122
"426","2016-04-18 11:29:00",119.933803246753,122
"427","2016-04-18 11:34:00",119.572674053724,122
"428","2016-04-18 11:39:00",119.6087502442,121
"429","2016-04-18 11:44:00",119.611483577534,122
"430","2016-04-18 11:49:00",119.606116910867,122
"431","2016-04-18 11:54:00",119.617416910867,122
"432","2016-04-18 11:59:00",119.619816910867,122
"433","2016-04-18 12:04:00",119.6247502442,122
"434","2016-04-18 12:09:00",119.6311502442,122
"435","2016-04-18 12:14:00",119.628916910867,122
"436","2016-04-18 12:19:00",119.5787502442,122
"437","2016-04-18 12:24:00",119.6221502442,122
"438","2016-04-18 12:29:00",119.619816910867,122
"439","2016-04-18 12:34:00",119.3821,120
"440","2016-04-18 12:39:00",119.326333333333,121
"441","2016-04-18 12:44:00",119.3821,122
"442","2016-04-18 12:49:00",119.3761,122
"443","2016-04-18 12:54:00",119.3801,122
"444","2016-04-18 12:59:00",119.3801,122
"445","2016-04-18 13:04:00",119.3825,122
"446","2016-04-18 13:09:00",119.3761,122
"447","2016-04-18 13:14:00",119.3581,122
"448","2016-04-18 13:19:00",119.3601,122
"449","2016-04-18 13:24:00",119.336433333333,122
"450","2016-04-18 13:29:00",119.3863,122
"451","2016-04-18 13:34:00",119.221648412698,122
"452","2016-04-18 13:39:00",119.210915079365,122
"453","2016-04-18 13:44:00",119.226915079365,122
"454","2016-04-18 13:49:00",119.182115079365,122
"455","2016-04-18 13:54:00",119.216848412698,122
"456","2016-04-18 13:59:00",119.282081746032,121
"457","2016-04-18 14:04:00",119.312809523809,121
"458","2016-04-18 14:09:00",119.320276190476,121
"459","2016-04-18 14:14:00",119.345376190476,121
"460","2016-04-18 14:19:00",119.321076190476,123
"461","2016-04-18 14:24:00",119.338676190476,121
"462","2016-04-18 14:29:00",119.328076190476,121
"463","2016-04-18 14:34:00",118.872965873016,122
"464","2016-04-18 14:39:00",118.874437301587,122
"465","2016-04-18 14:44:00",118.869415873016,123
"466","2016-04-18 14:49:00",118.894765873016,123
"467","2016-04-18 14:54:00",118.906899206349,123
"468","2016-04-18 14:59:00",118.912599206349,124
"469","2016-04-18 15:04:00",118.892765873016,124
"470","2016-04-18 15:09:00",118.885737301587,124
"471","2016-04-18 15:14:00",118.879082539682,125
"472","2016-04-18 15:19:00",118.849787301587,125
"473","2016-04-18 15:24:00",118.770415873016,123
"474","2016-04-18 15:29:00",118.800253968254,122
"475","2016-04-18 15:34:00",118.821223015873,124
"476","2016-04-18 15:39:00",118.959643650794,123
"477","2016-04-18 15:44:00",118.934493650794,123
"478","2016-04-18 15:49:00",118.948065873016,122
"479","2016-04-18 15:54:00",118.979393650794,124
"480","2016-04-18 15:59:00",119.019615873016,124
"481","2016-04-18 16:04:00",118.924217460317,124
"482","2016-04-18 16:09:00",118.848200793651,123
"483","2016-04-18 16:14:00",118.763767460317,122
"484","2016-04-18 16:19:00",118.527249206349,120
"485","2016-04-18 16:24:00",118.53251031746,120
"486","2016-04-18 16:29:00",118.469054761905,119
"487","2016-04-18 16:34:00",119.348308974359,118
"488","2016-04-18 16:39:00",119.314708974359,118
"489","2016-04-18 16:44:00",119.357525641026,118
"490","2016-04-18 16:49:00",119.296442307692,118
"491","2016-04-18 16:54:00",119.157908974359,118
"492","2016-04-18 16:59:00",119.109808974359,120
"493","2016-04-18 17:04:00",54.8932622100122,119
"494","2016-04-18 17:09:00",54.5561901320901,118
"495","2016-04-18 17:14:00",54.3498782273282,116
"496","2016-04-18 17:19:00",54.3562853701854,115
"497","2016-04-18 17:24:00",54.3681187035187,112
"498","2016-04-18 17:29:00",54.1613853701854,110
"499","2016-04-18 17:34:00",56.5891036075036,107
"500","2016-04-18 17:39:00",56.2473475635476,104
"501","2016-04-18 17:44:00",56.3915951825952,103
"502","2016-04-18 17:49:00",56.2850285159285,102
"503","2016-04-18 17:54:00",56.0144618492619,100
"504","2016-04-18 17:59:00",55.9576062937063,98
"505","2016-04-18 18:04:00",55.8004618492619,96
"506","2016-04-18 18:09:00",55.6116315462316,92
"507","2016-04-18 18:14:00",55.6456951825952,88
"508","2016-04-18 18:19:00",55.3443036075036,85
"509","2016-04-18 18:24:00",54.6713236097236,81
"510","2016-04-18 18:29:00",54.7627855144855,75
"511","2016-04-18 18:34:00",50.0543666111666,73
"512","2016-04-18 18:39:00",50.0179332778333,71
"513","2016-04-18 18:44:00",50.0077666111666,65
"514","2016-04-18 18:49:00",49.9888999445,63
"515","2016-04-18 18:54:00",49.9964999445,61
"516","2016-04-18 18:59:00",49.9877666111666,60
"517","2016-04-18 19:04:00",49.9588999445,60
"518","2016-04-18 19:09:00",49.9628999445,61
"519","2016-04-18 19:14:00",49.9357999445,59
"520","2016-04-18 19:19:00",49.9408999445,60
"521","2016-04-18 19:24:00",49.9267666111666,59
"522","2016-04-18 19:29:00",49.9150999445,58
"523","2016-04-18 19:34:00",61.6812408258408,56
"524","2016-04-18 19:39:00",61.6625908258408,53
"525","2016-04-18 19:44:00",61.6399908258408,50
"526","2016-04-18 19:49:00",61.6098408258408,48
"527","2016-04-18 19:54:00",61.6184408258408,48
"528","2016-04-18 19:59:00",61.6054408258408,46
"529","2016-04-18 20:04:00",61.6093408258408,46
"530","2016-04-18 20:09:00",61.4829741591742,45
"531","2016-04-18 20:14:00",61.5765741591742,45
"532","2016-04-18 20:19:00",61.5447408258408,45
"533","2016-04-18 20:24:00",61.4727241591742,45
"534","2016-04-18 20:29:00",61.4893241591742,44
"535","2016-04-18 20:34:00",36.8170607173872,42
"536","2016-04-18 20:39:00",36.8057107173872,42
"537","2016-04-18 20:44:00",36.8416607173872,39
"538","2016-04-18 20:49:00",36.6936607173872,36
"539","2016-04-18 20:54:00",36.6928607173872,34
"540","2016-04-18 20:59:00",36.6000607173872,30
"541","2016-04-18 21:04:00",36.5563107173872,30
"542","2016-04-18 21:09:00",36.5655107173872,29
"543","2016-04-18 21:14:00",36.5209107173872,26
"544","2016-04-18 21:19:00",36.4753107173872,24
"545","2016-04-18 21:24:00",36.4727107173872,23
"546","2016-04-18 21:29:00",36.5199107173872,20
"547","2016-04-18 21:34:00",24.8486524808525,18
"548","2016-04-18 21:39:00",24.5438151792652,17
"549","2016-04-18 21:44:00",24.4280472138972,16
"550","2016-04-18 21:49:00",24.3965977189477,14
"551","2016-04-18 21:54:00",24.3730596237096,12
"552","2016-04-18 21:59:00",24.3934643856144,12
"553","2016-04-18 22:04:00",24.3482548618049,12
"554","2016-04-18 22:09:00",24.3231548618049,11
"555","2016-04-18 22:14:00",24.3496167665668,10
"556","2016-04-18 22:19:00",24.3173866078366,9
"557","2016-04-18 22:24:00",24.2770297535798,6
"558","2016-04-18 22:29:00",24.2690342268842,6
"559","2016-04-18 22:34:00",17.3836170806318,6
"560","2016-04-18 22:39:00",17.3793559695207,6
"561","2016-04-18 22:44:00",17.3796337472984,6
"562","2016-04-18 22:49:00",17.3844051758699,5
"563","2016-04-18 22:54:00",17.3777504139651,5
"564","2016-04-18 22:59:00",17.3800075568223,5
"565","2016-04-18 23:04:00",17.3617607314254,5
"566","2016-04-18 23:09:00",17.3630718425365,5
"567","2016-04-18 23:14:00",17.3581504139651,5
"568","2016-04-18 23:19:00",17.3603487656135,4
"569","2016-04-18 23:24:00",17.3571004139651,4
"570","2016-04-18 23:29:00",17.3613504139651,4
"571","2016-04-18 23:34:00",15.0954560749708,4
"572","2016-04-18 23:39:00",15.0954560749708,3
"573","2016-04-18 23:44:00",15.0901227416374,3
"574","2016-04-18 23:49:00",15.0872894083041,3
"575","2016-04-18 23:54:00",15.0823727416374,3
"576","2016-04-18 23:59:00",15.0846227416374,3
"577","2016-04-19 00:04:00",16.4828310111457,3
"578","2016-04-19 00:09:00",16.4848310111457,3
"579","2016-04-19 00:14:00",16.4710310111457,3
"580","2016-04-19 00:19:00",16.4748310111457,3
"581","2016-04-19 00:24:00",16.4732310111457,3
"582","2016-04-19 00:29:00",16.4740310111457,3
"583","2016-04-19 00:34:00",14.4502088610736,3
"584","2016-04-19 00:39:00",14.4502088610736,3
"585","2016-04-19 00:44:00",14.4502088610736,3
"586","2016-04-19 00:49:00",14.4502088610736,3
"587","2016-04-19 00:54:00",14.4502088610736,3
"588","2016-04-19 00:59:00",14.4502088610736,3
"589","2016-04-19 01:04:00",14.4502088610736,3
"590","2016-04-19 01:09:00",14.4502088610736,2
"591","2016-04-19 01:14:00",14.4502088610736,1
"592","2016-04-19 01:19:00",14.4502088610736,0
"593","2016-04-19 01:24:00",14.4502088610736,0
"594","2016-04-19 01:29:00",14.4502088610736,0
"595","2016-04-19 01:34:00",12.428797256012,0
"596","2016-04-19 01:39:00",12.428797256012,0
"597","2016-04-19 01:44:00",12.428797256012,0
"598","2016-04-19 01:49:00",12.428797256012,0
"599","2016-04-19 01:54:00",12.428797256012,0
"600","2016-04-19 01:59:00",12.428797256012,0
"601","2016-04-19 02:04:00",12.428797256012,0
"602","2016-04-19 02:09:00",12.428797256012,0
"603","2016-04-19 02:14:00",12.428797256012,0
"604","2016-04-19 02:19:00",12.428797256012,0
"605","2016-04-19 02:24:00",12.428797256012,0
"606","2016-04-19 02:29:00",12.428797256012,0
"607","2016-04-19 02:34:00",11.3387284747932,0
"608","2016-04-19 02:39:00",11.3387284747932,0
"609","2016-04-19 02:44:00",11.3387284747932,0
"610","2016-04-19 02:49:00",11.3387284747932,0
"611","2016-04-19 02:54:00",11.3387284747932,0
"612","2016-04-19 02:59:00",11.3387284747932,0
"613","2016-04-19 03:04:00",11.3387284747932,0
"614","2016-04-19 03:09:00",11.3387284747932,0
"615","2016-04-19 03:14:00",11.3387284747932,0
"616","2016-04-19 03:19:00",11.3387284747932,0
"617","2016-04-19 03:24:00",11.3387284747932,0
"618","2016-04-19 03:29:00",11.3387284747932,0
"619","2016-04-19 03:34:00",23.1988553335553,0
"620","2016-04-19 03:39:00",23.1988553335553,0
"621","2016-04-19 03:44:00",23.1988553335553,0
"622","2016-04-19 03:49:00",23.1988553335553,0
"623","2016-04-19 03:54:00",23.1988553335553,0
"624","2016-04-19 03:59:00",23.1988553335553,0
"625","2016-04-19 04:04:00",23.1988553335553,0
"626","2016-04-19 04:09:00",23.1988553335553,0
"627","2016-04-19 04:14:00",23.1988553335553,0
"628","2016-04-19 04:19:00",23.1988553335553,0
"629","2016-04-19 04:24:00",23.1988553335553,0
"630","2016-04-19 04:29:00",23.1988553335553,0
"631","2016-04-19 04:34:00",25.3296930846931,0
"632","2016-04-19 04:39:00",25.3296930846931,0
"633","2016-04-19 04:44:00",25.3296930846931,0
"634","2016-04-19 04:49:00",25.3296930846931,0
"635","2016-04-19 04:54:00",25.3296930846931,0
"636","2016-04-19 04:59:00",25.3296930846931,0
"637","2016-04-19 05:04:00",27.8539293095793,0
"638","2016-04-19 05:09:00",27.8539293095793,0
"639","2016-04-19 05:14:00",27.8539293095793,0
"640","2016-04-19 05:19:00",27.8539293095793,0
"641","2016-04-19 05:24:00",27.8539293095793,0
"642","2016-04-19 05:29:00",27.8539293095793,0
"643","2016-04-19 05:34:00",37.5650665057165,0
"644","2016-04-19 05:39:00",37.5650665057165,0
"645","2016-04-19 05:44:00",37.5650665057165,0
"646","2016-04-19 05:49:00",37.5650665057165,0
"647","2016-04-19 05:54:00",37.5650665057165,0
"648","2016-04-19 05:59:00",37.5650665057165,0
"649","2016-04-19 06:04:00",37.5650665057165,0
"650","2016-04-19 06:09:00",37.5650665057165,0
"651","2016-04-19 06:14:00",37.5650665057165,0
"652","2016-04-19 06:19:00",37.5650665057165,0
"653","2016-04-19 06:24:00",37.5650665057165,0
"654","2016-04-19 06:29:00",37.5650665057165,0
"655","2016-04-19 06:34:00",55.3610676545676,0
"656","2016-04-19 06:39:00",55.3963628926629,0
"657","2016-04-19 06:44:00",55.3951537351537,1
"658","2016-04-19 06:49:00",55.3882727827728,1
"659","2016-04-19 06:54:00",55.3927061161061,3
"660","2016-04-19 06:59:00",55.4208073371073,3
"661","2016-04-19 07:04:00",55.4248390831391,4
"662","2016-04-19 07:09:00",55.4293390831391,4
"663","2016-04-19 07:14:00",55.4453613053613,4
"664","2016-04-19 07:19:00",55.4710628926629,4
"665","2016-04-19 07:24:00",55.5368597180597,5
"666","2016-04-19 07:29:00",55.6640771783772,7
"667","2016-04-19 07:34:00",57.6730814629815,7
"668","2016-04-19 07:39:00",57.5274178266178,11
"669","2016-04-19 07:44:00",57.6156425740926,16
"670","2016-04-19 07:49:00",58.2546425740926,17
"671","2016-04-19 07:54:00",58.4694147963148,21
"672","2016-04-19 07:59:00",58.1801314629815,22
"673","2016-04-19 08:04:00",58.5515647963148,25
"674","2016-04-19 08:09:00",58.8824092407592,29
"675","2016-04-19 08:14:00",58.9511647963148,34
"676","2016-04-19 08:19:00",59.2574925740926,38
"677","2016-04-19 08:24:00",59.1963814629815,43
"678","2016-04-19 08:29:00",59.8238647963148,47
"679","2016-04-19 08:34:00",74.8260730935731,53
"680","2016-04-19 08:39:00",75.9863508713509,58
"681","2016-04-19 08:44:00",75.9341556332557,65
"682","2016-04-19 08:49:00",76.5674222999223,72
"683","2016-04-19 08:54:00",77.1002111888112,76
"684","2016-04-19 08:59:00",77.5275556332557,82
"685","2016-04-19 09:04:00",77.860188966589,86
"686","2016-04-19 09:09:00",77.9739445221445,92
"687","2016-04-19 09:14:00",78.0500222999223,100
"688","2016-04-19 09:19:00",78.1358508713509,100
"689","2016-04-19 09:24:00",78.3955145077145,102
"690","2016-04-19 09:29:00",78.3902111888112,107
"691","2016-04-19 09:34:00",83.1695706404706,111
"692","2016-04-19 09:39:00",83.1695706404706,113
"693","2016-04-19 09:44:00",83.1695706404706,113
"694","2016-04-19 09:49:00",83.1695706404706,113
"695","2016-04-19 09:54:00",83.1675706404706,114
"696","2016-04-19 09:59:00",83.1585706404706,114
"697","2016-04-19 10:04:00",83.1615706404706,115
"698","2016-04-19 10:09:00",83.1715706404706,115
"699","2016-04-19 10:14:00",83.1695706404706,115
"700","2016-04-19 10:19:00",83.1695706404706,115
"701","2016-04-19 10:24:00",83.1657706404706,115
"702","2016-04-19 10:29:00",83.1695706404706,115
"703","2016-04-19 10:34:00",107.587073892774,115
"704","2016-04-19 10:39:00",107.598673892774,115
"705","2016-04-19 10:44:00",107.590473892774,115
"706","2016-04-19 10:49:00",107.565451670552,115
"707","2016-04-19 10:54:00",107.595607226107,116
"708","2016-04-19 10:59:00",107.598273892774,114
"709","2016-04-19 11:04:00",117.062621078921,115
"710","2016-04-19 11:09:00",117.060621078921,115
"711","2016-04-19 11:14:00",117.062771078921,113
"712","2016-04-19 11:19:00",117.060371078921,114
"713","2016-04-19 11:24:00",117.057871078921,114
"714","2016-04-19 11:29:00",117.059521078921,114
"715","2016-04-19 11:34:00",119.005226598402,115
"716","2016-04-19 11:39:00",119.006309931735,116
"717","2016-04-19 11:44:00",119.013409931735,117
"718","2016-04-19 11:49:00",119.016709931735,117
"719","2016-04-19 11:54:00",119.007909931735,117
"720","2016-04-19 11:59:00",119.014909931735,115
"721","2016-04-19 12:04:00",119.013909931735,116
"722","2016-04-19 12:09:00",119.012309931735,117
"723","2016-04-19 12:14:00",119.009909931735,118
"724","2016-04-19 12:19:00",118.997893265068,118
"725","2016-04-19 12:24:00",119.003909931735,118
"726","2016-04-19 12:29:00",119.005909931735,118
"727","2016-04-19 12:34:00",118.94508525641,118
"728","2016-04-19 12:39:00",118.99168525641,119
"729","2016-04-19 12:44:00",118.99168525641,118
"730","2016-04-19 12:49:00",118.99168525641,117
"731","2016-04-19 12:54:00",118.93193525641,119
"732","2016-04-19 12:59:00",118.950218589744,119
"733","2016-04-19 13:04:00",118.927790018315,119
"734","2016-04-19 13:09:00",118.96848525641,118
"735","2016-04-19 13:14:00",118.97408525641,119
"736","2016-04-19 13:19:00",118.96928525641,118
"737","2016-04-19 13:24:00",118.98803525641,119
"738","2016-04-19 13:29:00",118.99873525641,119
"739","2016-04-19 13:34:00",119.445137925963,119
"740","2016-04-19 13:39:00",119.451171259296,119
"741","2016-04-19 13:44:00",119.461787925963,118
"742","2016-04-19 13:49:00",119.42959506882,118
"743","2016-04-19 13:54:00",119.455137925963,119
"744","2016-04-19 13:59:00",119.455137925963,119
"745","2016-04-19 14:04:00",118.133672612475,119
"746","2016-04-19 14:09:00",118.141605945809,120
"747","2016-04-19 14:14:00",118.130005945809,119
"748","2016-04-19 14:19:00",118.134005945809,118
"749","2016-04-19 14:24:00",118.145205945809,118
"750","2016-04-19 14:29:00",118.110005945809,120
"751","2016-04-19 14:34:00",118.834830937484,120
"752","2016-04-19 14:39:00",118.844964270817,120
"753","2016-04-19 14:44:00",118.886030937484,120
"754","2016-04-19 14:49:00",118.885386493039,121
"755","2016-04-19 14:54:00",118.888164270817,120
"756","2016-04-19 14:59:00",118.89469760415,119
"757","2016-04-19 15:04:00",118.89809760415,118
"758","2016-04-19 15:09:00",118.890319826372,118
"759","2016-04-19 15:14:00",118.867386493039,118
"760","2016-04-19 15:19:00",118.862930937484,119
"761","2016-04-19 15:24:00",118.84959760415,119
"762","2016-04-19 15:29:00",118.841364270817,118
"763","2016-04-19 15:34:00",118.00317729113,119
"764","2016-04-19 15:39:00",118.016332846686,119
"765","2016-04-19 15:44:00",118.018531991985,119
"766","2016-04-19 15:49:00",118.016155068908,119
"767","2016-04-19 15:54:00",118.029455068908,117
"768","2016-04-19 15:59:00",118.035321735574,117
"769","2016-04-19 16:04:00",118.026455068908,116
"770","2016-04-19 16:09:00",118.016890966344,116
"771","2016-04-19 16:14:00",118.034321735574,117
"772","2016-04-19 16:19:00",118.020255068908,118
"773","2016-04-19 16:24:00",118.033831991985,117
"774","2016-04-19 16:29:00",117.996612333865,116
"775","2016-04-19 16:34:00",116.445603736906,119
"776","2016-04-19 16:39:00",116.438703736906,118
"777","2016-04-19 16:44:00",116.42513707024,114
"778","2016-04-19 16:49:00",116.426603736906,114
"779","2016-04-19 16:54:00",116.385103736906,111
"780","2016-04-19 16:59:00",116.294903736906,110
"781","2016-04-19 17:04:00",97.0481438672439,111
"782","2016-04-19 17:09:00",96.8172938672439,110
"783","2016-04-19 17:14:00",96.7042272005773,109
"784","2016-04-19 17:19:00",96.5702938672439,108
"785","2016-04-19 17:24:00",96.5212272005772,109
"786","2016-04-19 17:29:00",96.3584272005773,109
"787","2016-04-19 17:34:00",70.238069751164,109
"788","2016-04-19 17:39:00",70.3132141956084,107
"789","2016-04-19 17:44:00",70.2731030844973,102
"790","2016-04-19 17:49:00",70.2032364178306,100
"791","2016-04-19 17:54:00",70.1337507035449,97
"792","2016-04-19 17:59:00",70.1236173702116,93
"793","2016-04-19 18:04:00",70.0909507035449,91
"794","2016-04-19 18:09:00",70.0797507035449,90
"795","2016-04-19 18:14:00",70.033569751164,88
"796","2016-04-19 18:19:00",70.0578173702116,85
"797","2016-04-19 18:24:00",69.932769751164,80
"798","2016-04-19 18:29:00",69.7264697511639,76
"799","2016-04-19 18:34:00",52.4922073774265,73
"800","2016-04-19 18:39:00",52.4092835679027,72
"801","2016-04-19 18:44:00",52.531616901236,71
"802","2016-04-19 18:49:00",52.4012835679027,68
"803","2016-04-19 18:54:00",52.3932835679027,67
"804","2016-04-19 18:59:00",52.3872835679027,65
"805","2016-04-19 19:04:00",52.4928835679027,65
"806","2016-04-19 19:09:00",52.4852835679027,63
"807","2016-04-19 19:14:00",52.3672835679027,63
"808","2016-04-19 19:19:00",52.3532835679027,60
"809","2016-04-19 19:24:00",52.3672835679027,57
"810","2016-04-19 19:29:00",52.3672835679027,54
"811","2016-04-19 19:34:00",45.7793500444001,53
"812","2016-04-19 19:39:00",45.7460500444001,49
"813","2016-04-19 19:44:00",45.7497500444,47
"814","2016-04-19 19:49:00",45.7228500444001,45
"815","2016-04-19 19:54:00",45.7032500444001,43
"816","2016-04-19 19:59:00",45.6902500444,42
"817","2016-04-19 20:04:00",45.7000500444001,41
"818","2016-04-19 20:09:00",45.7034500444,38
"819","2016-04-19 20:14:00",45.6829500444,36
"820","2016-04-19 20:19:00",45.6655500444,32
"821","2016-04-19 20:24:00",45.6485500444,29
"822","2016-04-19 20:29:00",45.6647500444,27
"823","2016-04-19 20:34:00",29.3301634948385,24
"824","2016-04-19 20:39:00",29.2993634948385,22
"825","2016-04-19 20:44:00",29.2741634948385,22
"826","2016-04-19 20:49:00",29.3141634948385,20
"827","2016-04-19 20:54:00",29.2741634948385,20
"828","2016-04-19 20:59:00",29.3041634948385,20
"829","2016-04-19 21:04:00",29.2741634948385,16
"830","2016-04-19 21:09:00",29.2706634948385,14
"831","2016-04-19 21:14:00",29.2741634948385,14
"832","2016-04-19 21:19:00",29.2741634948385,14
"833","2016-04-19 21:24:00",29.2552746059496,12
"834","2016-04-19 21:29:00",29.2741634948385,10
"835","2016-04-19 21:34:00",27.8746773143523,10
"836","2016-04-19 21:39:00",27.8603773143523,9
"837","2016-04-19 21:44:00",27.8459773143523,8
"838","2016-04-19 21:49:00",27.8509773143523,6
"839","2016-04-19 21:54:00",27.851763028638,6
"840","2016-04-19 21:59:00",27.8514773143523,6
"841","2016-04-19 22:04:00",27.842263028638,6
"842","2016-04-19 22:09:00",27.8469773143523,6
"843","2016-04-19 22:14:00",27.8484773143523,6
"844","2016-04-19 22:19:00",27.826663028638,6
"845","2016-04-19 22:24:00",27.8459773143523,5
"846","2016-04-19 22:29:00",27.8459773143523,5
"847","2016-04-19 22:34:00",23.8802186341436,3
"848","2016-04-19 22:39:00",23.8683900627151,3
"849","2016-04-19 22:44:00",23.8627900627151,2
"850","2016-04-19 22:49:00",23.8627900627151,2
"851","2016-04-19 22:54:00",23.8627900627151,2
"852","2016-04-19 22:59:00",23.8627900627151,2
"853","2016-04-19 23:04:00",23.8623900627151,2
"854","2016-04-19 23:09:00",23.8627900627151,2
"855","2016-04-19 23:14:00",23.8627900627151,2
"856","2016-04-19 23:19:00",23.8627900627151,2
"857","2016-04-19 23:24:00",23.8627900627151,2
"858","2016-04-19 23:29:00",23.8627900627151,2
"859","2016-04-19 23:34:00",22.0391567099567,2
"860","2016-04-19 23:39:00",22.0371567099567,2
"861","2016-04-19 23:44:00",22.0371567099567,2
"862","2016-04-19 23:49:00",22.0391567099567,2
"863","2016-04-19 23:54:00",22.0351567099567,2
"864","2016-04-19 23:59:00",22.0351567099567,2
"865","2016-04-20 00:04:00",28.1152898379398,2
"866","2016-04-20 00:09:00",28.1152898379398,2
"867","2016-04-20 00:14:00",28.1156898379398,2
"868","2016-04-20 00:19:00",28.1152898379398,1
"869","2016-04-20 00:24:00",28.1172898379398,1
"870","2016-04-20 00:29:00",28.1152898379398,1
"871","2016-04-20 00:34:00",16.9376085747586,1
"872","2016-04-20 00:39:00",16.9364085747586,1
"873","2016-04-20 00:44:00",16.9384085747586,1
"874","2016-04-20 00:49:00",16.9384085747586,1
"875","2016-04-20 00:54:00",16.9392085747586,1
"876","2016-04-20 00:59:00",16.9384085747586,1
"877","2016-04-20 01:04:00",16.9372085747586,0
"878","2016-04-20 01:09:00",16.9293903929404,0
"879","2016-04-20 01:14:00",16.9313903929404,0
"880","2016-04-20 01:19:00",16.9305903929404,0
"881","2016-04-20 01:24:00",16.9352085747586,0
"882","2016-04-20 01:29:00",16.9305903929404,0
"883","2016-04-20 01:34:00",14.2599702908203,0
"884","2016-04-20 01:39:00",14.2583702908203,0
"885","2016-04-20 01:44:00",14.2579702908203,0
"886","2016-04-20 01:49:00",14.256636957487,0
"887","2016-04-20 01:54:00",14.2579702908203,0
"888","2016-04-20 01:59:00",14.256636957487,0
"889","2016-04-20 02:04:00",14.2579702908203,0
"890","2016-04-20 02:09:00",14.2579702908203,0
"891","2016-04-20 02:14:00",14.2579702908203,0
"892","2016-04-20 02:19:00",14.2579702908203,0
"893","2016-04-20 02:24:00",14.2579702908203,0
"894","2016-04-20 02:29:00",14.2579702908203,0
"895","2016-04-20 02:34:00",9.53884634809635,0
"896","2016-04-20 02:39:00",9.53884634809635,0
"897","2016-04-20 02:44:00",9.53884634809635,0
"898","2016-04-20 02:49:00",9.53884634809635,0
"899","2016-04-20 02:54:00",9.53884634809635,0
"900","2016-04-20 02:59:00",9.53884634809635,0
"901","2016-04-20 03:04:00",9.53884634809635,0
"902","2016-04-20 03:09:00",9.53884634809635,0
"903","2016-04-20 03:14:00",9.53884634809635,0
"904","2016-04-20 03:19:00",9.53884634809635,0
"905","2016-04-20 03:24:00",9.53884634809635,0
"906","2016-04-20 03:29:00",9.53884634809635,0
"907","2016-04-20 03:34:00",11.4562044246603,0
"908","2016-04-20 03:39:00",11.4574044246603,0
"909","2016-04-20 03:44:00",11.4574044246603,0
"910","2016-04-20 03:49:00",11.4574044246603,0
"911","2016-04-20 03:54:00",11.4574044246603,0
"912","2016-04-20 03:59:00",11.4574044246603,0
"913","2016-04-20 04:04:00",11.4594044246603,0
"914","2016-04-20 04:09:00",11.4594044246603,0
"915","2016-04-20 04:14:00",11.4574044246603,0
"916","2016-04-20 04:19:00",11.4582044246603,0
"917","2016-04-20 04:24:00",11.4582044246603,0
"918","2016-04-20 04:29:00",11.4574044246603,0
"919","2016-04-20 04:34:00",11.5305626941686,0
"920","2016-04-20 04:39:00",11.5305626941686,1
"921","2016-04-20 04:44:00",11.5305626941686,1
"922","2016-04-20 04:49:00",11.5305626941686,1
"923","2016-04-20 04:54:00",11.5305626941686,1
"924","2016-04-20 04:59:00",11.5305626941686,1
"925","2016-04-20 05:04:00",27.3018516289266,1
"926","2016-04-20 05:09:00",27.3018516289266,1
"927","2016-04-20 05:14:00",27.3029516289266,1
"928","2016-04-20 05:19:00",27.3018516289266,1
"929","2016-04-20 05:24:00",27.3018516289266,1
"930","2016-04-20 05:29:00",27.3018516289266,2
"931","2016-04-20 05:34:00",27.2367947746698,2
"932","2016-04-20 05:39:00",27.2367947746698,2
"933","2016-04-20 05:44:00",27.2367947746698,2
"934","2016-04-20 05:49:00",27.2367947746698,2
"935","2016-04-20 05:54:00",27.2367947746698,3
"936","2016-04-20 05:59:00",27.2367947746698,3
"937","2016-04-20 06:04:00",27.2367947746698,3
"938","2016-04-20 06:09:00",27.2367947746698,3
"939","2016-04-20 06:14:00",27.2367947746698,3
"940","2016-04-20 06:19:00",27.2367947746698,3
"941","2016-04-20 06:24:00",27.2367947746698,3
"942","2016-04-20 06:29:00",27.2367947746698,3
"943","2016-04-20 06:34:00",62.3251956978693,4
"944","2016-04-20 06:39:00",62.4309772996009,4
"945","2016-04-20 06:44:00",62.423962364536,4
"946","2016-04-20 06:49:00",62.4391272996009,4
"947","2016-04-20 06:54:00",62.6902320615057,4
"948","2016-04-20 06:59:00",62.2142892043628,4
"949","2016-04-20 07:04:00",62.7300820615057,4
"950","2016-04-20 07:09:00",62.0923939662676,3
"951","2016-04-20 07:14:00",62.496865394839,5
"952","2016-04-20 07:19:00",62.4730987281724,7
"953","2016-04-20 07:24:00",62.742915394839,7
"954","2016-04-20 07:29:00",62.688315394839,8
"955","2016-04-20 07:34:00",79.3690011988012,13
"956","2016-04-20 07:39:00",79.2095845321346,16
"957","2016-04-20 07:44:00",79.4772011988012,19
"958","2016-04-20 07:49:00",79.3684330169831,22
"959","2016-04-20 07:54:00",79.4283511988012,25
"960","2016-04-20 07:59:00",79.1917996836497,27
"961","2016-04-20 08:04:00",79.3262520646021,30
"962","2016-04-20 08:09:00",79.4514511988012,35
"963","2016-04-20 08:14:00",79.5824369130869,43
"964","2016-04-20 08:19:00",80.0216916749917,46
"965","2016-04-20 08:24:00",80.2337869130869,50
"966","2016-04-20 08:29:00",80.3623702464203,54
"967","2016-04-20 08:34:00",96.3245912837163,59
"968","2016-04-20 08:39:00",97.4771570845821,67
"969","2016-04-20 08:44:00",97.2158666083916,72
"970","2016-04-20 08:49:00",97.5839237512488,75
"971","2016-04-20 08:54:00",97.9734285131536,83
"972","2016-04-20 08:59:00",98.1183427988678,92
"973","2016-04-20 09:04:00",98.315199941725,96
"974","2016-04-20 09:09:00",98.3913427988678,99
"975","2016-04-20 09:14:00",98.586199941725,103
"976","2016-04-20 09:19:00",98.5001332750583,105
"977","2016-04-20 09:24:00",98.4889427988678,107
"978","2016-04-20 09:29:00",98.762399941725,109
"979","2016-04-20 09:34:00",87.3935367909868,109
"980","2016-04-20 09:39:00",87.4319367909868,112
"981","2016-04-20 09:44:00",87.4319367909868,115
"982","2016-04-20 09:49:00",87.4319367909868,117
"983","2016-04-20 09:54:00",87.4319367909868,118
"984","2016-04-20 09:59:00",87.4319367909868,119
"985","2016-04-20 10:04:00",87.4319367909868,119
"986","2016-04-20 10:09:00",87.4299367909868,119
"987","2016-04-20 10:14:00",87.4319367909868,119
"988","2016-04-20 10:19:00",87.4299367909868,119
"989","2016-04-20 10:24:00",87.4319367909868,119
"990","2016-04-20 10:29:00",87.4299367909868,119
"991","2016-04-20 10:34:00",93.9054164169164,118
"992","2016-04-20 10:39:00",93.9054164169164,119
"993","2016-04-20 10:44:00",93.9054164169164,120
"994","2016-04-20 10:49:00",93.9054164169164,120
"995","2016-04-20 10:54:00",93.9054164169164,120
"996","2016-04-20 10:59:00",93.9054164169164,120
"997","2016-04-20 11:04:00",119.53570021645,120
"998","2016-04-20 11:09:00",119.688833549784,120
"999","2016-04-20 11:14:00",119.695133549784,120
"1000","2016-04-20 11:19:00",119.704076406926,121
"1001","2016-04-20 11:24:00",119.530116883117,121
"1002","2016-04-20 11:29:00",119.549166883117,120
"1003","2016-04-20 11:34:00",117.920245369663,118
"1004","2016-04-20 11:39:00",117.757114417282,119
"1005","2016-04-20 11:44:00",117.764373147441,120
"1006","2016-04-20 11:49:00",117.788981083949,119
"1007","2016-04-20 11:54:00",117.777351718869,120
"1008","2016-04-20 11:59:00",117.923378702996,120
"1009","2016-04-20 12:04:00",117.920395369663,121
"1010","2016-04-20 12:09:00",117.917145369663,121
"1011","2016-04-20 12:14:00",117.925678702996,120
"1012","2016-04-20 12:19:00",117.923673941092,120
"1013","2016-04-20 12:24:00",117.915289814107,120
"1014","2016-04-20 12:29:00",117.925678702996,120
"1015","2016-04-20 12:34:00",116.501998977167,121
"1016","2016-04-20 12:39:00",116.4911323105,121
"1017","2016-04-20 12:44:00",116.501998977167,121
"1018","2016-04-20 12:49:00",116.4943323105,121
"1019","2016-04-20 12:54:00",116.502398977167,121
"1020","2016-04-20 12:59:00",116.501998977167,121
"1021","2016-04-20 13:04:00",116.501998977167,121
"1022","2016-04-20 13:09:00",116.501998977167,121
"1023","2016-04-20 13:14:00",116.501998977167,121
"1024","2016-04-20 13:19:00",116.492398977167,121
"1025","2016-04-20 13:24:00",116.501998977167,121
"1026","2016-04-20 13:29:00",116.501998977167,121
"1027","2016-04-20 13:34:00",115.521984413952,120
"1028","2016-04-20 13:39:00",115.568184413952,119
"1029","2016-04-20 13:44:00",115.566193937762,120
"1030","2016-04-20 13:49:00",115.27652250919,121
"1031","2016-04-20 13:54:00",115.558927271095,121
"1032","2016-04-20 13:59:00",115.559298699666,121
"1033","2016-04-20 14:04:00",114.411490358008,120
"1034","2016-04-20 14:09:00",114.403923691341,121
"1035","2016-04-20 14:14:00",114.315090358008,121
"1036","2016-04-20 14:19:00",114.378523691341,122
"1037","2016-04-20 14:24:00",114.411523691341,122
"1038","2016-04-20 14:29:00",114.421423691341,122
"1039","2016-04-20 14:34:00",106.04390972373,122
"1040","2016-04-20 14:39:00",106.048076390397,122
"1041","2016-04-20 14:44:00",106.028243057063,122
"1042","2016-04-20 14:49:00",106.045176390397,122
"1043","2016-04-20 14:54:00",105.9494796871,121
"1044","2016-04-20 14:59:00",106.048776390397,121
"1045","2016-04-20 15:04:00",106.038576390397,121
"1046","2016-04-20 15:09:00",106.026243057063,120
"1047","2016-04-20 15:14:00",106.044576390397,121
"1048","2016-04-20 15:19:00",106.06120019992,121
"1049","2016-04-20 15:24:00",106.10245972373,122
"1050","2016-04-20 15:29:00",106.06100972373,122
"1051","2016-04-20 15:34:00",106.022399885203,122
"1052","2016-04-20 15:39:00",106.032954863558,122
"1053","2016-04-20 15:44:00",106.031773911177,122
"1054","2016-04-20 15:49:00",105.933514387367,122
"1055","2016-04-20 15:54:00",105.980534228637,121
"1056","2016-04-20 15:59:00",106.045631054034,121
"1057","2016-04-20 16:04:00",106.090525426328,120
"1058","2016-04-20 16:09:00",106.100364387367,119
"1059","2016-04-20 16:14:00",106.052483434986,117
"1060","2016-04-20 16:19:00",106.098666768319,115
"1061","2016-04-20 16:24:00",106.100408343411,115
"1062","2016-04-20 16:29:00",106.055535815939,115
"1063","2016-04-20 16:34:00",106.304875498478,115
"1064","2016-04-20 16:39:00",106.251404069907,116
"1065","2016-04-20 16:44:00",106.253570736573,115
"1066","2016-04-20 16:49:00",106.233125282028,112
"1067","2016-04-20 16:54:00",106.18723740324,109
"1068","2016-04-20 16:59:00",106.130381847685,109
"1069","2016-04-20 17:04:00",60.8366670801421,108
"1070","2016-04-20 17:09:00",60.6793004134754,104
"1071","2016-04-20 17:14:00",60.6587004134754,102
"1072","2016-04-20 17:19:00",60.6077670801421,102
"1073","2016-04-20 17:24:00",60.6045004134754,101
"1074","2016-04-20 17:29:00",60.5297004134754,97
"1075","2016-04-20 17:34:00",55.2564384754135,94
"1076","2016-04-20 17:39:00",55.2736384754135,94
"1077","2016-04-20 17:44:00",55.2767813325563,90
"1078","2016-04-20 17:49:00",55.2564384754135,90
"1079","2016-04-20 17:54:00",55.2564384754135,87
"1080","2016-04-20 17:59:00",55.2564384754135,86
"1081","2016-04-20 18:04:00",55.2564384754135,87
"1082","2016-04-20 18:09:00",55.2564384754135,86
"1083","2016-04-20 18:14:00",55.2496384754135,85
"1084","2016-04-20 18:19:00",55.2367813325563,77
"1085","2016-04-20 18:24:00",55.2333591103341,76
"1086","2016-04-20 18:29:00",55.2327813325563,71
"1087","2016-04-20 18:34:00",49.301488997114,69
"1088","2016-04-20 18:39:00",49.297888997114,65
"1089","2016-04-20 18:44:00",49.295488997114,67
"1090","2016-04-20 18:49:00",49.308888997114,66
"1091","2016-04-20 18:54:00",49.295488997114,69
"1092","2016-04-20 18:59:00",49.231488997114,69
"1093","2016-04-20 19:04:00",49.231488997114,68
"1094","2016-04-20 19:09:00",49.231488997114,66
"1095","2016-04-20 19:14:00",49.231488997114,65
"1096","2016-04-20 19:19:00",49.231488997114,62
"1097","2016-04-20 19:24:00",49.215888997114,58
"1098","2016-04-20 19:29:00",49.231488997114,54
"1099","2016-04-20 19:34:00",44.8574784798535,52
"1100","2016-04-20 19:39:00",44.9050118131868,51
"1101","2016-04-20 19:44:00",44.8760784798535,49
"1102","2016-04-20 19:49:00",44.8630784798535,48
"1103","2016-04-20 19:54:00",44.8652118131868,47
"1104","2016-04-20 19:59:00",44.8498784798535,48
"1105","2016-04-20 20:04:00",44.8498784798535,48
"1106","2016-04-20 20:09:00",44.8424118131868,47
"1107","2016-04-20 20:14:00",44.8388784798535,46
"1108","2016-04-20 20:19:00",44.8074784798535,44
"1109","2016-04-20 20:24:00",44.8020784798535,42
"1110","2016-04-20 20:29:00",44.8054118131868,41
"1111","2016-04-20 20:34:00",32.1189624974441,38
"1112","2016-04-20 20:39:00",32.1461624974441,36
"1113","2016-04-20 20:44:00",32.0997624974441,36
"1114","2016-04-20 20:49:00",32.0977624974441,32
"1115","2016-04-20 20:54:00",32.0957624974441,31
"1116","2016-04-20 20:59:00",32.0893624974441,30
"1117","2016-04-20 21:04:00",32.0878624974441,29
"1118","2016-04-20 21:09:00",32.0901624974441,28
"1119","2016-04-20 21:14:00",32.0901624974441,24
"1120","2016-04-20 21:19:00",32.0853624974441,22
"1121","2016-04-20 21:24:00",32.0901624974441,20
"1122","2016-04-20 21:29:00",32.0786624974441,17
"1123","2016-04-20 21:34:00",17.1368137806638,16
"1124","2016-04-20 21:39:00",16.7716101010101,14
"1125","2016-04-20 21:44:00",16.5858235930736,14
"1126","2016-04-20 21:49:00",16.6169807359307,13
"1127","2016-04-20 21:54:00",16.396152958153,12
"1128","2016-04-20 21:59:00",16.406952958153,10
"1129","2016-04-20 22:04:00",16.317952958153,9
"1130","2016-04-20 22:09:00",16.2971243867244,9
"1131","2016-04-20 22:14:00",16.361552958153,9
"1132","2016-04-20 22:19:00",16.317152958153,9
"1133","2016-04-20 22:24:00",16.2971196248196,7
"1134","2016-04-20 22:29:00",16.2703243867244,6
"1135","2016-04-20 22:34:00",10.4521695526696,5
"1136","2016-04-20 22:39:00",10.5747322510823,4
"1137","2016-04-20 22:44:00",9.97445606060606,3
"1138","2016-04-20 22:49:00",9.94375093795094,3
"1139","2016-04-20 22:54:00",9.96743304473305,3
"1140","2016-04-20 22:59:00",9.80182871572871,3
"1141","2016-04-20 23:04:00",9.80369062049062,3
"1142","2016-04-20 23:09:00",9.72302554112554,3
"1143","2016-04-20 23:14:00",9.70429458874459,3
"1144","2016-04-20 23:19:00",9.68342510822511,3
"1145","2016-04-20 23:24:00",9.73090887445887,3
"1146","2016-04-20 23:29:00",9.70291204906205,3
"1147","2016-04-20 23:34:00",2.72197582972583,3
"1148","2016-04-20 23:39:00",2.71957582972583,3
"1149","2016-04-20 23:44:00",2.72197582972583,3
"1150","2016-04-20 23:49:00",2.71947582972583,2
"1151","2016-04-20 23:54:00",2.72397582972583,2
"1152","2016-04-20 23:59:00",2.72197582972583,2
"1153","2016-04-21 00:04:00",4.17462702399939,2
"1154","2016-04-21 00:09:00",4.17462702399939,2
"1155","2016-04-21 00:14:00",4.17462702399939,1
"1156","2016-04-21 00:19:00",4.17462702399939,1
"1157","2016-04-21 00:24:00",4.17462702399939,1
"1158","2016-04-21 00:29:00",4.17462702399939,1
"1159","2016-04-21 00:34:00",2.99347878787879,1
"1160","2016-04-21 00:39:00",2.99347878787879,1
"1161","2016-04-21 00:44:00",2.99347878787879,1
"1162","2016-04-21 00:49:00",2.99347878787879,1
"1163","2016-04-21 00:54:00",2.99347878787879,1
"1164","2016-04-21 00:59:00",2.99347878787879,1
"1165","2016-04-21 01:04:00",2.99347878787879,1
"1166","2016-04-21 01:09:00",2.99347878787879,0
"1167","2016-04-21 01:14:00",2.99347878787879,0
"1168","2016-04-21 01:19:00",2.99347878787879,0
"1169","2016-04-21 01:24:00",2.99347878787879,0
"1170","2016-04-21 01:29:00",2.99347878787879,0
"1171","2016-04-21 01:34:00",1.2860365079365,0
"1172","2016-04-21 01:39:00",1.2860365079365,0
"1173","2016-04-21 01:44:00",1.2860365079365,0
"1174","2016-04-21 01:49:00",1.2860365079365,0
"1175","2016-04-21 01:54:00",1.2860365079365,0
"1176","2016-04-21 01:59:00",1.2860365079365,0
"1177","2016-04-21 02:04:00",1.2860365079365,0
"1178","2016-04-21 02:09:00",1.2860365079365,0
"1179","2016-04-21 02:14:00",1.2860365079365,0
"1180","2016-04-21 02:19:00",1.2860365079365,0
"1181","2016-04-21 02:24:00",1.2860365079365,0
"1182","2016-04-21 02:29:00",1.2860365079365,0
"1183","2016-04-21 02:34:00",15.2163352980353,0
"1184","2016-04-21 02:39:00",15.2168352980353,0
"1185","2016-04-21 02:44:00",15.2153852980353,0
"1186","2016-04-21 02:49:00",15.2151352980353,0
"1187","2016-04-21 02:54:00",15.2167352980353,0
"1188","2016-04-21 02:59:00",15.2167352980353,0
"1189","2016-04-21 03:04:00",15.2167352980353,0
"1190","2016-04-21 03:09:00",15.2151352980353,0
"1191","2016-04-21 03:14:00",15.2158852980353,0
"1192","2016-04-21 03:19:00",15.2167352980353,0
"1193","2016-04-21 03:24:00",15.1651352980353,0
"1194","2016-04-21 03:29:00",15.1627352980353,0
"1195","2016-04-21 03:34:00",11.3441403263403,0
"1196","2016-04-21 03:39:00",11.3441403263403,0
"1197","2016-04-21 03:44:00",11.3441403263403,0
"1198","2016-04-21 03:49:00",11.3441403263403,0
"1199","2016-04-21 03:54:00",11.3441403263403,0
"1200","2016-04-21 03:59:00",11.3441403263403,0
"1201","2016-04-21 04:04:00",11.3441403263403,0
"1202","2016-04-21 04:09:00",11.3441403263403,0
"1203","2016-04-21 04:14:00",11.3441403263403,0
"1204","2016-04-21 04:19:00",11.3441403263403,0
"1205","2016-04-21 04:24:00",11.3441403263403,0
"1206","2016-04-21 04:29:00",11.3441403263403,0
"1207","2016-04-21 04:34:00",3.39807510822511,0
"1208","2016-04-21 04:39:00",3.39647510822511,0
"1209","2016-04-21 04:44:00",3.39657510822511,0
"1210","2016-04-21 04:49:00",3.39607510822511,0
"1211","2016-04-21 04:54:00",3.39707510822511,0
"1212","2016-04-21 04:59:00",3.39697510822511,0
"1213","2016-04-21 05:04:00",1.34731842601842,0
"1214","2016-04-21 05:09:00",1.54324223554223,0
"1215","2016-04-21 05:14:00",1.53759937839938,0
"1216","2016-04-21 05:19:00",1.54878509268509,0
"1217","2016-04-21 05:24:00",1.54254223554223,0
"1218","2016-04-21 05:29:00",1.55157556887557,0
"1219","2016-04-21 05:34:00",3.70761445776446,0
"1220","2016-04-21 05:39:00",3.69384223554223,0
"1221","2016-04-21 05:44:00",3.70996048951049,0
"1222","2016-04-21 05:49:00",3.73882001332001,0
"1223","2016-04-21 05:54:00",3.74248112443112,0
"1224","2016-04-21 05:59:00",3.74088112443112,0
"1225","2016-04-21 06:04:00",3.74590334665334,0
"1226","2016-04-21 06:09:00",3.74193826728826,0
"1227","2016-04-21 06:14:00",3.74308112443112,0
"1228","2016-04-21 06:19:00",3.74097001332001,0
"1229","2016-04-21 06:24:00",3.73870334665334,0
"1230","2016-04-21 06:29:00",3.81059779109779,0
"1231","2016-04-21 06:34:00",26.870030980131,0
"1232","2016-04-21 06:39:00",26.8815238372738,0
"1233","2016-04-21 06:44:00",26.91020998446,0
"1234","2016-04-21 06:49:00",26.9030024087024,1
"1235","2016-04-21 06:54:00",26.8439115717615,1
"1236","2016-04-21 06:59:00",26.8298334221334,1
"1237","2016-04-21 07:04:00",26.8433266511266,1
"1238","2016-04-21 07:09:00",26.8089214563214,1
"1239","2016-04-21 07:14:00",26.596021023421,1
"1240","2016-04-21 07:19:00",26.9399690753691,1
"1241","2016-04-21 07:24:00",27.1840373903874,3
"1242","2016-04-21 07:29:00",27.1329008824509,4
"1243","2016-04-21 07:34:00",89.2696774364525,6
"1244","2016-04-21 07:39:00",89.4408845793096,7
"1245","2016-04-21 07:44:00",89.1435655316906,13
"1246","2016-04-21 07:49:00",89.7038118686869,15
"1247","2016-04-21 07:54:00",89.7553012459763,18
"1248","2016-04-21 07:59:00",89.6108964840715,21
"1249","2016-04-21 08:04:00",90.0564964840715,26
"1250","2016-04-21 08:09:00",90.3094298174048,32
"1251","2016-04-21 08:14:00",90.8024298174048,39
"1252","2016-04-21 08:19:00",90.9903774364525,41
"1253","2016-04-21 08:24:00",91.5947941031191,48
"1254","2016-04-21 08:29:00",92.0139845793096,54
"1255","2016-04-21 08:34:00",92.3276739438666,61
"1256","2016-04-21 08:39:00",94.0341228949155,66
"1257","2016-04-21 08:44:00",95.5902890953817,73
"1258","2016-04-21 08:49:00",96.4439111733038,77
"1259","2016-04-21 08:54:00",96.9977899611826,83
"1260","2016-04-21 08:59:00",97.4603795715722,90
"1261","2016-04-21 09:04:00",97.8452795715722,99
"1262","2016-04-21 09:09:00",98.2479414763341,101
"1263","2016-04-21 09:14:00",98.8537017937944,104
"1264","2016-04-21 09:19:00",98.4611722455649,107
"1265","2016-04-21 09:24:00",99.0650129049055,110
"1266","2016-04-21 09:29:00",99.3264605239531,110
"1267","2016-04-21 09:34:00",109.913745310245,111
"1268","2016-04-21 09:39:00",110.184383405483,113
"1269","2016-04-21 09:44:00",110.665354834055,116
"1270","2016-04-21 09:49:00",110.668973881674,118
"1271","2016-04-21 09:54:00",110.660640548341,119
"1272","2016-04-21 09:59:00",110.592045310245,120
"1273","2016-04-21 10:04:00",110.581578643579,120
"1274","2016-04-21 10:09:00",110.670873881674,120
"1275","2016-04-21 10:14:00",110.743745310245,120
"1276","2016-04-21 10:19:00",110.726473881674,119
"1277","2016-04-21 10:24:00",110.729188167388,120
"1278","2016-04-21 10:29:00",110.670007215007,120
"1279","2016-04-21 10:34:00",113.184192624043,120
"1280","2016-04-21 10:39:00",113.171802147852,120
"1281","2016-04-21 10:44:00",113.150478338328,120
"1282","2016-04-21 10:49:00",113.180211671662,120
"1283","2016-04-21 10:54:00",112.938235481185,120
"1284","2016-04-21 10:59:00",112.671916433566,119
"1285","2016-04-21 11:04:00",121.648094444444,120
"1286","2016-04-21 11:09:00",121.706511111111,119
"1287","2016-04-21 11:14:00",121.720927777778,119
"1288","2016-04-21 11:19:00",121.639461111111,119
"1289","2016-04-21 11:24:00",121.55628015873,120
"1290","2016-04-21 11:29:00",121.393391269841,120
"1291","2016-04-21 11:34:00",123.25502988678,120
"1292","2016-04-21 11:39:00",123.272258458208,120
"1293","2016-04-21 11:44:00",123.263591791542,119
"1294","2016-04-21 11:49:00",123.21962988678,120
"1295","2016-04-21 11:54:00",123.25762988678,120
"1296","2016-04-21 11:59:00",123.21632988678,119
"1297","2016-04-21 12:04:00",123.21782988678,120
"1298","2016-04-21 12:09:00",123.26462988678,121
"1299","2016-04-21 12:14:00",123.22002988678,121
"1300","2016-04-21 12:19:00",123.226596553447,121
"1301","2016-04-21 12:24:00",123.22292988678,121
"1302","2016-04-21 12:29:00",123.222063220113,121
"1303","2016-04-21 12:34:00",123.036112570763,121
"1304","2016-04-21 12:39:00",123.033074475524,121
"1305","2016-04-21 12:44:00",123.028323681874,120
"1306","2016-04-21 12:49:00",123.032457015207,120
"1307","2016-04-21 12:54:00",123.120041142191,121
"1308","2016-04-21 12:59:00",123.028179237429,121
"1309","2016-04-21 13:04:00",123.031145904096,121
"1310","2016-04-21 13:09:00",123.025974475524,121
"1311","2016-04-21 13:14:00",123.035512570763,120
"1312","2016-04-21 13:19:00",123.036874475524,120
"1313","2016-04-21 13:24:00",123.209912570763,122
"1314","2016-04-21 13:29:00",123.335657015207,121
"1315","2016-04-21 13:34:00",123.406893073593,122
"1316","2016-04-21 13:39:00",123.384102597403,122
"1317","2016-04-21 13:44:00",123.414566883117,122
"1318","2016-04-21 13:49:00",123.200407359307,122
"1319","2016-04-21 13:54:00",123.408990692641,121
"1320","2016-04-21 13:59:00",123.171131168831,122
"1321","2016-04-21 14:04:00",121.772981512932,122
"1322","2016-04-21 14:09:00",121.753933893884,121
"1323","2016-04-21 14:14:00",121.775206116106,122
"1324","2016-04-21 14:19:00",121.616703735154,122
"1325","2016-04-21 14:24:00",121.607650560551,122
"1326","2016-04-21 14:29:00",121.614126751027,121
"1327","2016-04-21 14:34:00",121.685712465312,122
"1328","2016-04-21 14:39:00",121.743372638473,122
"1329","2016-04-21 14:44:00",121.829207486958,121
"1330","2016-04-21 14:49:00",121.78479024309,122
"1331","2016-04-21 14:54:00",121.844964846265,121
"1332","2016-04-21 14:59:00",121.818252941503,121
"1333","2016-04-21 15:04:00",121.694298179598,122
"1334","2016-04-21 15:09:00",121.797462465312,122
"1335","2016-04-21 15:14:00",121.822638006438,122
"1336","2016-04-21 15:19:00",121.730036274836,122
"1337","2016-04-21 15:24:00",121.611636274836,121
"1338","2016-04-21 15:29:00",121.41749955045,120
"1339","2016-04-21 15:34:00",121.924702680653,121
"1340","2016-04-21 15:39:00",121.780689188589,122
"1341","2016-04-21 15:44:00",121.664516966367,122
"1342","2016-04-21 15:49:00",121.672128871129,120
"1343","2016-04-21 15:54:00",121.679686013986,118
"1344","2016-04-21 15:59:00",121.784190775891,119
"1345","2016-04-21 16:04:00",121.791557442557,119
"1346","2016-04-21 16:09:00",121.783446331446,117
"1347","2016-04-21 16:14:00",121.921045537796,117
"1348","2016-04-21 16:19:00",121.925807442557,115
"1349","2016-04-21 16:24:00",121.701905061605,113
"1350","2016-04-21 16:29:00",121.261361410811,112
"1351","2016-04-21 16:34:00",120.068336521812,112
"1352","2016-04-21 16:39:00",119.552813289488,112
"1353","2016-04-21 16:44:00",119.186227791653,113
"1354","2016-04-21 16:49:00",118.783918878344,113
"1355","2016-04-21 16:54:00",119.206474328449,113
"1356","2016-04-21 16:59:00",119.237791788767,114
"1357","2016-04-21 17:04:00",95.4884713536464,114
"1358","2016-04-21 17:09:00",94.9831284965036,114
"1359","2016-04-21 17:14:00",94.8520507187258,111
"1360","2016-04-21 17:19:00",94.5695983377734,106
"1361","2016-04-21 17:24:00",94.0018713536465,106
"1362","2016-04-21 17:29:00",93.8406951631703,105
"1363","2016-04-21 17:34:00",95.0298120102121,104
"1364","2016-04-21 17:39:00",94.8934206682207,101
"1365","2016-04-21 17:44:00",94.5541635975137,98
"1366","2016-04-21 17:49:00",94.146996930847,98
"1367","2016-04-21 17:54:00",93.8898731213232,91
"1368","2016-04-21 17:59:00",93.9347540737042,89
"1369","2016-04-21 18:04:00",93.7612874070375,87
"1370","2016-04-21 18:09:00",93.5834302641803,84
"1371","2016-04-21 18:14:00",93.601796930847,80
"1372","2016-04-21 18:19:00",93.4160373348874,77
"1373","2016-04-21 18:24:00",93.2183635975137,72
"1374","2016-04-21 18:29:00",93.0107596292597,70
"1375","2016-04-21 18:34:00",93.0742927849928,68
"1376","2016-04-21 18:39:00",93.0646927849928,66
"1377","2016-04-21 18:44:00",92.9835372294373,64
"1378","2016-04-21 18:49:00",92.954703896104,62
"1379","2016-04-21 18:54:00",92.9335927849928,59
"1380","2016-04-21 18:59:00",92.9783372294373,59
"1381","2016-04-21 19:04:00",92.8943927849928,58
"1382","2016-04-21 19:09:00",92.9215372294373,58
"1383","2016-04-21 19:14:00",92.8667927849928,57
"1384","2016-04-21 19:19:00",92.7829070707071,54
"1385","2016-04-21 19:24:00",92.7191927849928,54
"1386","2016-04-21 19:29:00",92.6533642135643,55
"1387","2016-04-21 19:34:00",56.0755554723054,53
"1388","2016-04-21 19:39:00",56.1270983294483,52
"1389","2016-04-21 19:44:00",55.9474554723054,52
"1390","2016-04-21 19:49:00",55.9992554723054,51
"1391","2016-04-21 19:54:00",55.9696332500832,50
"1392","2016-04-21 19:59:00",55.9551554723054,51
"1393","2016-04-21 20:04:00",55.9410761072261,49
"1394","2016-04-21 20:09:00",55.8643554723054,49
"1395","2016-04-21 20:14:00",55.8482983294483,44
"1396","2016-04-21 20:19:00",55.7478761072261,40
"1397","2016-04-21 20:24:00",55.6759554723054,38
"1398","2016-04-21 20:29:00",55.6100214063714,38
"1399","2016-04-21 20:34:00",40.4629157133802,36
"1400","2016-04-21 20:39:00",40.4745607350252,35
"1401","2016-04-21 20:44:00",40.4436031592677,30
"1402","2016-04-21 20:49:00",40.3357823800469,28
"1403","2016-04-21 20:54:00",40.3334157133802,25
"1404","2016-04-21 20:59:00",40.3491061895707,22
"1405","2016-04-21 21:04:00",40.2845823800469,18
"1406","2016-04-21 21:09:00",40.2565157133802,16
"1407","2016-04-21 21:14:00",40.1650698259343,14
"1408","2016-04-21 21:19:00",40.1419460164105,14
"1409","2016-04-21 21:24:00",40.046239522904,14
"1410","2016-04-21 21:29:00",40.0106031592677,14
"1411","2016-04-21 21:34:00",38.6528875720771,13
"1412","2016-04-21 21:39:00",38.6270875720771,13
"1413","2016-04-21 21:44:00",38.6193966629862,12
"1414","2016-04-21 21:49:00",38.6034875720771,10
"1415","2016-04-21 21:54:00",38.6066875720771,10
"1416","2016-04-21 21:59:00",38.6042875720771,10
"1417","2016-04-21 22:04:00",38.6020875720771,9
"1418","2016-04-21 22:09:00",38.5994875720771,8
"1419","2016-04-21 22:14:00",38.5984875720771,6
"1420","2016-04-21 22:19:00",38.5965447149342,6
"1421","2016-04-21 22:24:00",38.5850875720771,5
"1422","2016-04-21 22:29:00",38.5773447149342,5
"1423","2016-04-21 22:34:00",60.48565065033,5
"1424","2016-04-21 22:39:00",60.490741559421,5
"1425","2016-04-21 22:44:00",60.48645065033,5
"1426","2016-04-21 22:49:00",60.48245065033,5
"1427","2016-04-21 22:54:00",60.48245065033,5
"1428","2016-04-21 22:59:00",60.48165065033,5
"1429","2016-04-21 23:04:00",60.48165065033,3
"1430","2016-04-21 23:09:00",60.48245065033,3
"1431","2016-04-21 23:14:00",60.48165065033,3
"1432","2016-04-21 23:19:00",60.48245065033,1
"1433","2016-04-21 23:24:00",60.479541559421,0
"1434","2016-04-21 23:29:00",60.47365065033,0
"1435","2016-04-21 23:34:00",54.1531407713202,0
"1436","2016-04-21 23:39:00",54.1531407713202,0
"1437","2016-04-21 23:44:00",54.1531407713202,0
"1438","2016-04-21 23:49:00",54.1531407713202,0
"1439","2016-04-21 23:54:00",54.1531407713202,0
"1440","2016-04-21 23:59:00",54.1531407713202,0
"1441","2016-04-22 00:04:00",52.5589130656925,0
"1442","2016-04-22 00:09:00",52.5589130656925,0
"1443","2016-04-22 00:14:00",52.5589130656925,0
"1444","2016-04-22 00:19:00",52.5589130656925,0
"1445","2016-04-22 00:24:00",52.5589130656925,0
"1446","2016-04-22 00:29:00",52.5589130656925,0
"1447","2016-04-22 00:34:00",42.6855044215588,0
"1448","2016-04-22 00:39:00",42.6855044215588,0
"1449","2016-04-22 00:44:00",42.6855044215588,0
"1450","2016-04-22 00:49:00",42.6855044215588,0
"1451","2016-04-22 00:54:00",42.6855044215588,0
"1452","2016-04-22 00:59:00",42.6855044215588,0
"1453","2016-04-22 01:04:00",42.6855044215588,0
"1454","2016-04-22 01:09:00",42.6855044215588,0
"1455","2016-04-22 01:14:00",42.6855044215588,0
"1456","2016-04-22 01:19:00",42.6855044215588,0
"1457","2016-04-22 01:24:00",42.6855044215588,0
"1458","2016-04-22 01:29:00",42.6855044215588,0
"1459","2016-04-22 01:34:00",20.0901224205533,0
"1460","2016-04-22 01:39:00",20.0901224205533,0
"1461","2016-04-22 01:44:00",20.0901224205533,0
"1462","2016-04-22 01:49:00",20.0901224205533,0
"1463","2016-04-22 01:54:00",20.0901224205533,0
"1464","2016-04-22 01:59:00",20.0901224205533,0
"1465","2016-04-22 02:04:00",20.0901224205533,0
"1466","2016-04-22 02:09:00",20.0901224205533,0
"1467","2016-04-22 02:14:00",20.0901224205533,0
"1468","2016-04-22 02:19:00",20.0901224205533,0
"1469","2016-04-22 02:24:00",20.0901224205533,0
"1470","2016-04-22 02:29:00",20.0901224205533,0
"1471","2016-04-22 02:34:00",15.7293982520318,0
"1472","2016-04-22 02:39:00",15.7293982520318,0
"1473","2016-04-22 02:44:00",15.7293982520318,0
"1474","2016-04-22 02:49:00",15.7293982520318,0
"1475","2016-04-22 02:54:00",15.7293982520318,0
"1476","2016-04-22 02:59:00",15.7293982520318,0
"1477","2016-04-22 03:04:00",15.7293982520318,0
"1478","2016-04-22 03:09:00",15.7293982520318,0
"1479","2016-04-22 03:14:00",15.7293982520318,0
"1480","2016-04-22 03:19:00",15.7293982520318,0
"1481","2016-04-22 03:24:00",15.7293982520318,0
"1482","2016-04-22 03:29:00",15.7293982520318,0
"1483","2016-04-22 03:34:00",17.8982486165795,0
"1484","2016-04-22 03:39:00",17.8982486165795,0
"1485","2016-04-22 03:44:00",17.8982486165795,0
"1486","2016-04-22 03:49:00",17.8982486165795,0
"1487","2016-04-22 03:54:00",17.8982486165795,0
"1488","2016-04-22 03:59:00",17.8982486165795,0
"1489","2016-04-22 04:04:00",17.8982486165795,0
"1490","2016-04-22 04:09:00",17.8982486165795,0
"1491","2016-04-22 04:14:00",17.8982486165795,0
"1492","2016-04-22 04:19:00",17.8982486165795,0
"1493","2016-04-22 04:24:00",17.8982486165795,0
"1494","2016-04-22 04:29:00",17.8982486165795,0
"1495","2016-04-22 04:34:00",38.2962385877195,0
"1496","2016-04-22 04:39:00",38.3489052543861,0
"1497","2016-04-22 04:44:00",38.3419052543861,0
"1498","2016-04-22 04:49:00",38.3489052543861,0
"1499","2016-04-22 04:54:00",38.3489052543861,0
"1500","2016-04-22 04:59:00",38.3489052543861,0
"1501","2016-04-22 05:04:00",44.4975329597303,0
"1502","2016-04-22 05:09:00",44.5015329597303,0
"1503","2016-04-22 05:14:00",44.5015329597303,0
"1504","2016-04-22 05:19:00",44.4945329597303,0
"1505","2016-04-22 05:24:00",44.4975329597303,1
"1506","2016-04-22 05:29:00",44.4975329597303,1
"1507","2016-04-22 05:34:00",46.8017994687116,1
"1508","2016-04-22 05:39:00",46.8275661353782,1
"1509","2016-04-22 05:44:00",46.8554661353782,1
"1510","2016-04-22 05:49:00",46.8500661353782,1
"1511","2016-04-22 05:54:00",46.8439661353782,1
"1512","2016-04-22 05:59:00",46.8570661353782,1
"1513","2016-04-22 06:04:00",46.8635661353782,1
"1514","2016-04-22 06:09:00",46.8727328020449,1
"1515","2016-04-22 06:14:00",46.8654661353782,1
"1516","2016-04-22 06:19:00",46.8684661353782,1
"1517","2016-04-22 06:24:00",46.8688994687116,2
"1518","2016-04-22 06:29:00",46.8749661353782,2
"1519","2016-04-22 06:34:00",74.5309192862693,2
"1520","2016-04-22 06:39:00",74.5650415084915,2
"1521","2016-04-22 06:44:00",74.5831581751582,2
"1522","2016-04-22 06:49:00",74.768485952936,3
"1523","2016-04-22 06:54:00",74.3453192862693,3
"1524","2016-04-22 06:59:00",74.3561950438451,4
"1525","2016-04-22 07:04:00",74.5151637307137,6
"1526","2016-04-22 07:09:00",74.797285952936,6
"1527","2016-04-22 07:14:00",74.6895192862693,6
"1528","2016-04-22 07:19:00",74.9378526196027,6
"1529","2016-04-22 07:24:00",74.7321637307138,7
"1530","2016-04-22 07:29:00",74.960385952936,10
"1531","2016-04-22 07:34:00",92.622814345888,11
"1532","2016-04-22 07:39:00",93.3315040284277,13
"1533","2016-04-22 07:44:00",93.626955254979,15
"1534","2016-04-22 07:49:00",94.0155004930742,19
"1535","2016-04-22 07:54:00",94.2523496994234,22
"1536","2016-04-22 07:59:00",95.0898163660901,27
"1537","2016-04-22 08:04:00",95.3781528740266,30
"1538","2016-04-22 08:09:00",95.1377195406932,35
"1539","2016-04-22 08:14:00",95.8292146566884,39
"1540","2016-04-22 08:19:00",95.865751286725,43
"1541","2016-04-22 08:24:00",96.3751289424027,49
"1542","2016-04-22 08:29:00",96.545752319026,52
"1543","2016-04-22 08:34:00",94.3102061605062,63
"1544","2016-04-22 08:39:00",95.6442926684427,68
"1545","2016-04-22 08:44:00",98.2145220335221,75
"1546","2016-04-22 08:49:00",99.0228950493951,81
"1547","2016-04-22 08:54:00",100.67456012876,88
"1548","2016-04-22 08:59:00",102.985328382728,92
"1549","2016-04-22 09:04:00",104.382404573205,95
"1550","2016-04-22 09:09:00",104.667533144633,101
"1551","2016-04-22 09:14:00",105.778822033522,103
"1552","2016-04-22 09:19:00",106.448571239871,105
"1553","2016-04-22 09:24:00",107.918111643912,107
"1554","2016-04-22 09:29:00",108.112223620824,109
"1555","2016-04-22 09:34:00",107.618842113442,113
"1556","2016-04-22 09:39:00",107.790281124431,118
"1557","2016-04-22 09:44:00",107.864292235542,120
"1558","2016-04-22 09:49:00",107.858192235542,123
"1559","2016-04-22 09:54:00",107.861792235542,123
"1560","2016-04-22 09:59:00",107.861692235542,123
"1561","2016-04-22 10:04:00",107.862725568876,123
"1562","2016-04-22 10:09:00",107.819346081696,123
"1563","2016-04-22 10:14:00",107.862758902209,123
"1564","2016-04-22 10:19:00",107.862175568876,121
"1565","2016-04-22 10:24:00",107.864692235542,121
"1566","2016-04-22 10:29:00",107.873362748363,122
"1567","2016-04-22 10:34:00",108.064762365412,121
"1568","2016-04-22 10:39:00",108.116290936841,122
"1569","2016-04-22 10:44:00",108.128429032079,122
"1570","2016-04-22 10:49:00",108.129190936841,121
"1571","2016-04-22 10:54:00",108.051506809857,121
"1572","2016-04-22 10:59:00",108.103724270174,122
"1573","2016-04-22 11:04:00",121.939780014593,122
"1574","2016-04-22 11:09:00",121.950892785156,121
"1575","2016-04-22 11:14:00",121.958615007378,121
"1576","2016-04-22 11:19:00",121.998126118489,123
"1577","2016-04-22 11:24:00",121.987892785156,123
"1578","2016-04-22 11:29:00",122.053692785156,123
"1579","2016-04-22 11:34:00",122.270647538573,122
"1580","2016-04-22 11:39:00",122.206817379842,123
"1581","2016-04-22 11:44:00",122.201898332223,123
"1582","2016-04-22 11:49:00",122.297962221112,123
"1583","2016-04-22 11:54:00",122.295733252858,122
"1584","2016-04-22 11:59:00",122.219653887779,122
"1585","2016-04-22 12:04:00",122.207831665557,122
"1586","2016-04-22 12:09:00",122.202279284604,123
"1587","2016-04-22 12:14:00",122.130717776668,123
"1588","2016-04-22 12:19:00",122.201920554446,124
"1589","2016-04-22 12:24:00",122.155393570319,124
"1590","2016-04-22 12:29:00",122.223387221112,123
"1591","2016-04-22 12:34:00",121.954151479076,122
"1592","2016-04-22 12:39:00",121.949272113997,122
"1593","2016-04-22 12:44:00",121.945160209235,121
"1594","2016-04-22 12:49:00",121.971111002886,120
"1595","2016-04-22 12:54:00",121.964553860029,119
"1596","2016-04-22 12:59:00",121.987170526696,119
"1597","2016-04-22 13:04:00",122.112148088023,118
"1598","2016-04-22 13:09:00",122.042406457431,119
"1599","2016-04-22 13:14:00",122.064981421356,120
"1600","2016-04-22 13:19:00",122.091631637807,122
"1601","2016-04-22 13:24:00",122.106693542569,121
"1602","2016-04-22 13:29:00",122.065021320346,123
"1603","2016-04-22 13:34:00",121.712750401791,123
"1604","2016-04-22 13:39:00",121.838747515788,123
"1605","2016-04-22 13:44:00",121.813177385918,121
"1606","2016-04-22 13:49:00",121.85994881449,121
"1607","2016-04-22 13:54:00",121.735215769756,122
"1608","2016-04-22 13:59:00",121.843026592267,121
"1609","2016-04-22 14:04:00",122.968753051919,121
"1610","2016-04-22 14:09:00",122.979486385252,121
"1611","2016-04-22 14:14:00",122.94530384557,119
"1612","2016-04-22 14:19:00",122.909719718586,119
"1613","2016-04-22 14:24:00",122.588142429208,118
"1614","2016-04-22 14:29:00",122.93580384557,120
"1615","2016-04-22 14:34:00",122.353515722581,121
"1616","2016-04-22 14:39:00",122.367918897185,122
"1617","2016-04-22 14:44:00",122.408426833693,122
"1618","2016-04-22 14:49:00",122.407795087661,120
"1619","2016-04-22 14:54:00",122.431971278137,120
"1620","2016-04-22 14:59:00",122.426366949133,119
"1621","2016-04-22 15:04:00",122.497905044371,122
"1622","2016-04-22 15:09:00",122.437042706708,121
"1623","2016-04-22 15:14:00",122.393252663418,121
"1624","2016-04-22 15:19:00",122.384982966449,120
"1625","2016-04-22 15:24:00",122.444521494587,121
"1626","2016-04-22 15:29:00",122.481068103534,121
"1627","2016-04-22 15:34:00",122.921924906208,121
"1628","2016-04-22 15:39:00",122.900312207796,122
"1629","2016-04-22 15:44:00",122.874921731605,120
"1630","2016-04-22 15:49:00",122.903915382399,118
"1631","2016-04-22 15:54:00",122.898772525256,117
"1632","2016-04-22 15:59:00",122.927532842716,116
"1633","2016-04-22 16:04:00",123.041306075039,116
"1634","2016-04-22 16:09:00",122.736550303034,115
"1635","2016-04-22 16:14:00",122.527617619051,115
"1636","2016-04-22 16:19:00",122.589370144304,114
"1637","2016-04-22 16:24:00",122.433731038964,113
"1638","2016-04-22 16:29:00",122.446442943726,114
"1639","2016-04-22 16:34:00",122.434457780524,116
"1640","2016-04-22 16:39:00",122.394072066238,115
"1641","2016-04-22 16:44:00",122.31792444719,113
"1642","2016-04-22 16:49:00",122.29542444719,112
"1643","2016-04-22 16:54:00",122.097291113857,107
"1644","2016-04-22 16:59:00",121.705127621793,108
"1645","2016-04-22 17:04:00",86.5210503555268,109
"1646","2016-04-22 17:09:00",86.2426194031458,108
"1647","2016-04-22 17:14:00",85.8752527364792,102
"1648","2016-04-22 17:19:00",85.5116194031459,97
"1649","2016-04-22 17:24:00",85.2570194031458,93
"1650","2016-04-22 17:29:00",84.7922051174316,91
"1651","2016-04-22 17:34:00",74.9695449442714,89
"1652","2016-04-22 17:39:00",74.8994751030015,84
"1653","2016-04-22 17:44:00",74.6369536744301,79
"1654","2016-04-22 17:49:00",74.3577401823666,77
"1655","2016-04-22 17:54:00",74.2157354204619,75
"1656","2016-04-22 17:59:00",73.8816544680809,71
"1657","2016-04-22 18:04:00",73.7140687537952,71
"1658","2016-04-22 18:09:00",73.5900958100723,69
"1659","2016-04-22 18:14:00",73.4787282776047,67
"1660","2016-04-22 18:19:00",73.4677282776047,62
"1661","2016-04-22 18:24:00",72.7298655791921,60
"1662","2016-04-22 18:29:00",72.4234092299857,59
"1663","2016-04-22 18:34:00",67.0213023809524,58
"1664","2016-04-22 18:39:00",66.9959827731092,58
"1665","2016-04-22 18:44:00",66.9591161064426,58
"1666","2016-04-22 18:49:00",66.9721494397759,55
"1667","2016-04-22 18:54:00",67.0249827731093,55
"1668","2016-04-22 18:59:00",66.9746494397759,52
"1669","2016-04-22 19:04:00",66.9715827731093,49
"1670","2016-04-22 19:09:00",67.0008494397759,46
"1671","2016-04-22 19:14:00",66.9712827731093,48
"1672","2016-04-22 19:19:00",66.9238161064426,47
"1673","2016-04-22 19:24:00",66.8910494397759,46
"1674","2016-04-22 19:29:00",66.9389827731093,43
"1675","2016-04-22 19:34:00",59.6829798114855,41
"1676","2016-04-22 19:39:00",59.6845798114855,41
"1677","2016-04-22 19:44:00",59.6924798114855,41
"1678","2016-04-22 19:49:00",59.6569798114855,41
"1679","2016-04-22 19:54:00",59.6963798114855,39
"1680","2016-04-22 19:59:00",59.6905798114855,38
"1681","2016-04-22 20:04:00",59.6553798114855,35
"1682","2016-04-22 20:09:00",59.6389798114855,35
"1683","2016-04-22 20:14:00",59.6332131448188,36
"1684","2016-04-22 20:19:00",59.6052798114855,35
"1685","2016-04-22 20:24:00",59.5302798114855,33
"1686","2016-04-22 20:29:00",59.4988858720915,32
"1687","2016-04-22 20:34:00",48.8366867002279,32
"1688","2016-04-22 20:39:00",48.7540867002279,30
"1689","2016-04-22 20:44:00",48.7536867002279,31
"1690","2016-04-22 20:49:00",48.7650867002279,31
"1691","2016-04-22 20:54:00",48.7512867002279,29
"1692","2016-04-22 20:59:00",48.7540867002279,28
"1693","2016-04-22 21:04:00",48.7492867002279,27
"1694","2016-04-22 21:09:00",48.7304867002279,25
"1695","2016-04-22 21:14:00",48.7540867002279,22
"1696","2016-04-22 21:19:00",48.7540867002279,21
"1697","2016-04-22 21:24:00",48.7342867002279,18
"1698","2016-04-22 21:29:00",48.7540867002279,17
"1699","2016-04-22 21:34:00",29.8031405049199,17
"1700","2016-04-22 21:39:00",29.8643405049199,17
"1701","2016-04-22 21:44:00",29.7661405049199,17
"1702","2016-04-22 21:49:00",29.8231405049199,16
"1703","2016-04-22 21:54:00",29.7711405049199,15
"1704","2016-04-22 21:59:00",29.7508547906342,12
"1705","2016-04-22 22:04:00",29.7472547906342,12
"1706","2016-04-22 22:09:00",29.7432547906342,10
"1707","2016-04-22 22:14:00",29.7495405049199,9
"1708","2016-04-22 22:19:00",29.7508547906342,7
"1709","2016-04-22 22:24:00",29.7368547906342,7
"1710","2016-04-22 22:29:00",29.7508547906342,7
"1711","2016-04-22 22:34:00",18.938976973027,7
"1712","2016-04-22 22:39:00",18.8469397435897,7
"1713","2016-04-22 22:44:00",18.7442912587413,6
"1714","2016-04-22 22:49:00",18.764569036519,6
"1715","2016-04-22 22:54:00",18.729169036519,6
"1716","2016-04-22 22:59:00",18.736369036519,6
"1717","2016-04-22 23:04:00",18.739369036519,6
"1718","2016-04-22 23:09:00",18.728369036519,4
"1719","2016-04-22 23:14:00",18.7087857031857,3
"1720","2016-04-22 23:19:00",18.7260841880342,3
"1721","2016-04-22 23:24:00",18.6793436396936,3
"1722","2016-04-22 23:29:00",18.6749484015984,3
"1723","2016-04-22 23:34:00",15.4322291597292,3
"1724","2016-04-22 23:39:00",15.4325291597292,3
"1725","2016-04-22 23:44:00",15.4314291597292,3
"1726","2016-04-22 23:49:00",15.4294291597292,3
"1727","2016-04-22 23:54:00",15.4290291597292,3
"1728","2016-04-22 23:59:00",15.4263624930625,3
"1729","2016-04-23 00:04:00",8.68112484737485,3
"1730","2016-04-23 00:09:00",8.68512484737485,3
"1731","2016-04-23 00:14:00",8.68112484737485,3
"1732","2016-04-23 00:19:00",8.68512484737485,3
"1733","2016-04-23 00:24:00",8.68512484737485,3
"1734","2016-04-23 00:29:00",8.68112484737485,3
"1735","2016-04-23 00:34:00",4.96480919080919,3
"1736","2016-04-23 00:39:00",4.96080919080919,3
"1737","2016-04-23 00:44:00",4.96480919080919,3
"1738","2016-04-23 00:49:00",4.96280919080919,3
"1739","2016-04-23 00:54:00",4.96480919080919,3
"1740","2016-04-23 00:59:00",4.96480919080919,3
"1741","2016-04-23 01:04:00",4.96480919080919,3
"1742","2016-04-23 01:09:00",4.96480919080919,3
"1743","2016-04-23 01:14:00",4.96480919080919,3
"1744","2016-04-23 01:19:00",4.96480919080919,3
"1745","2016-04-23 01:24:00",4.96480919080919,3
"1746","2016-04-23 01:29:00",4.96480919080919,3
"1747","2016-04-23 01:34:00",4.44092427017427,3
"1748","2016-04-23 01:39:00",4.44092427017427,3
"1749","2016-04-23 01:44:00",4.44092427017427,3
"1750","2016-04-23 01:49:00",4.44092427017427,3
"1751","2016-04-23 01:54:00",4.44092427017427,3
"1752","2016-04-23 01:59:00",4.44092427017427,3
"1753","2016-04-23 02:04:00",4.44092427017427,3
"1754","2016-04-23 02:09:00",4.44092427017427,3
"1755","2016-04-23 02:14:00",4.44092427017427,3
"1756","2016-04-23 02:19:00",4.44092427017427,3
"1757","2016-04-23 02:24:00",4.44092427017427,3
"1758","2016-04-23 02:29:00",4.44092427017427,3
"1759","2016-04-23 02:34:00",5.44306489446226,3
"1760","2016-04-23 02:39:00",5.44306489446226,3
"1761","2016-04-23 02:44:00",5.44306489446226,3
"1762","2016-04-23 02:49:00",5.44306489446226,3
"1763","2016-04-23 02:54:00",5.44306489446226,3
"1764","2016-04-23 02:59:00",5.44306489446226,3
"1765","2016-04-23 03:04:00",5.44306489446226,3
"1766","2016-04-23 03:09:00",5.44306489446226,3
"1767","2016-04-23 03:14:00",5.44306489446226,2
"1768","2016-04-23 03:19:00",5.44306489446226,2
"1769","2016-04-23 03:24:00",5.44306489446226,2
"1770","2016-04-23 03:29:00",5.44306489446226,2
"1771","2016-04-23 03:34:00",7.4768045954046,2
"1772","2016-04-23 03:39:00",7.4752045954046,2
"1773","2016-04-23 03:44:00",7.4768045954046,2
"1774","2016-04-23 03:49:00",7.47513792873793,2
"1775","2016-04-23 03:54:00",7.4768045954046,3
"1776","2016-04-23 03:59:00",7.4768045954046,3
"1777","2016-04-23 04:04:00",7.4788045954046,3
"1778","2016-04-23 04:09:00",7.4788045954046,3
"1779","2016-04-23 04:14:00",7.4788045954046,3
"1780","2016-04-23 04:19:00",7.4808045954046,3
"1781","2016-04-23 04:24:00",7.49233792873793,3
"1782","2016-04-23 04:29:00",7.49513792873793,3
"1783","2016-04-23 04:34:00",7.55260996225997,3
"1784","2016-04-23 04:39:00",7.56950996225997,3
"1785","2016-04-23 04:44:00",7.56700996225996,3
"1786","2016-04-23 04:49:00",7.57260996225996,3
"1787","2016-04-23 04:54:00",7.56260996225997,3
"1788","2016-04-23 04:59:00",7.57135996225997,3
"1789","2016-04-23 05:04:00",6.99757096792097,3
"1790","2016-04-23 05:09:00",6.99757096792097,3
"1791","2016-04-23 05:14:00",6.99757096792097,3
"1792","2016-04-23 05:19:00",6.99757096792097,3
"1793","2016-04-23 05:24:00",6.99757096792097,3
"1794","2016-04-23 05:29:00",6.99757096792097,3
"1795","2016-04-23 05:34:00",7.96673667166168,3
"1796","2016-04-23 05:39:00",7.98193667166168,3
"1797","2016-04-23 05:44:00",7.98073667166168,3
"1798","2016-04-23 05:49:00",7.97993667166168,3
"1799","2016-04-23 05:54:00",7.98153667166168,3
"1800","2016-04-23 05:59:00",7.98353667166168,3
"1801","2016-04-23 06:04:00",7.98793667166168,3
"1802","2016-04-23 06:09:00",7.98778667166168,3
"1803","2016-04-23 06:14:00",7.98393667166168,3
"1804","2016-04-23 06:19:00",7.98633667166168,3
"1805","2016-04-23 06:24:00",7.98393667166168,3
"1806","2016-04-23 06:29:00",7.98433667166168,3
"1807","2016-04-23 06:34:00",9.44047108447108,3
"1808","2016-04-23 06:39:00",9.43061552891553,3
"1809","2016-04-23 06:44:00",9.42721552891553,3
"1810","2016-04-23 06:49:00",9.49758219558219,3
"1811","2016-04-23 06:54:00",9.49831552891553,3
"1812","2016-04-23 06:59:00",9.49721552891553,3
"1813","2016-04-23 07:04:00",9.49691552891553,3
"1814","2016-04-23 07:09:00",9.49871552891553,3
"1815","2016-04-23 07:14:00",9.50251552891553,3
"1816","2016-04-23 07:19:00",9.50498219558219,3
"1817","2016-04-23 07:24:00",9.51604886224886,3
"1818","2016-04-23 07:29:00",9.50638219558219,3
"1819","2016-04-23 07:34:00",11.4615348262848,3
"1820","2016-04-23 07:39:00",11.455757048507,3
"1821","2016-04-23 07:44:00",11.4620237151737,3
"1822","2016-04-23 07:49:00",11.4617737151737,3
"1823","2016-04-23 07:54:00",11.4621737151737,3
"1824","2016-04-23 07:59:00",11.4624237151737,3
"1825","2016-04-23 08:04:00",11.4617737151737,3
"1826","2016-04-23 08:09:00",11.4624237151737,3
"1827","2016-04-23 08:14:00",11.4621737151737,3
"1828","2016-04-23 08:19:00",11.4624237151737,3
"1829","2016-04-23 08:24:00",11.4620237151737,6
"1830","2016-04-23 08:29:00",11.5278237151737,6
"1831","2016-04-23 08:34:00",12.6775347707848,6
"1832","2016-04-23 08:39:00",12.6776665168165,6
"1833","2016-04-23 08:44:00",12.6698665168165,6
"1834","2016-04-23 08:49:00",12.6866331834832,6
"1835","2016-04-23 08:54:00",12.6890331834832,8
"1836","2016-04-23 08:59:00",12.6801331834832,9
"1837","2016-04-23 09:04:00",12.7117442945943,9
"1838","2016-04-23 09:09:00",12.7134331834832,10
"1839","2016-04-23 09:14:00",12.7466331834832,10
"1840","2016-04-23 09:19:00",12.7598331834832,10
"1841","2016-04-23 09:24:00",12.7699665168165,11
"1842","2016-04-23 09:29:00",12.8355236596737,13
"1843","2016-04-23 09:34:00",14.3119781746032,14
"1844","2016-04-23 09:39:00",14.2882842185592,14
"1845","2016-04-23 09:44:00",14.3050461233211,14
"1846","2016-04-23 09:49:00",14.2838508852259,14
"1847","2016-04-23 09:54:00",14.3237365995116,14
"1848","2016-04-23 09:59:00",14.3156532661783,13
"1849","2016-04-23 10:04:00",14.3199127899878,17
"1850","2016-04-23 10:09:00",14.3462127899878,17
"1851","2016-04-23 10:14:00",14.4706627899878,19
"1852","2016-04-23 10:19:00",14.5003961233211,17
"1853","2016-04-23 10:24:00",14.5619627899878,17
"1854","2016-04-23 10:29:00",14.5212297619047,18
"1855","2016-04-23 10:34:00",20.1347687423687,18
"1856","2016-04-23 10:39:00",20.0463687423687,15
"1857","2016-04-23 10:44:00",19.9847520757021,15
"1858","2016-04-23 10:49:00",20.2212965201465,16
"1859","2016-04-23 10:54:00",20.3334465201465,18
"1860","2016-04-23 10:59:00",20.2990568376068,18
"1861","2016-04-23 11:04:00",41.8472269064269,18
"1862","2016-04-23 11:09:00",41.8445602397602,19
"1863","2016-04-23 11:14:00",41.9213602397602,20
"1864","2016-04-23 11:19:00",41.8050269064269,21
"1865","2016-04-23 11:24:00",41.8468269064269,23
"1866","2016-04-23 11:29:00",41.9045602397602,23
"1867","2016-04-23 11:34:00",41.1060941133745,26
"1868","2016-04-23 11:39:00",40.5935589485394,27
"1869","2016-04-23 11:44:00",41.2907591150395,28
"1870","2016-04-23 11:49:00",42.0802981260285,29
"1871","2016-04-23 11:54:00",42.1433836738141,29
"1872","2016-04-23 11:59:00",42.0394133274937,28
"1873","2016-04-23 12:04:00",42.6365043531348,30
"1874","2016-04-23 12:09:00",42.9483799941604,34
"1875","2016-04-23 12:14:00",43.1979307267611,35
"1876","2016-04-23 12:19:00",43.1908853055157,35
"1877","2016-04-23 12:24:00",43.2725853055157,35
"1878","2016-04-23 12:29:00",43.6114019721824,36
"1879","2016-04-23 12:34:00",40.9663188145188,36
"1880","2016-04-23 12:39:00",41.1597894494394,36
"1881","2016-04-23 12:44:00",41.969128005328,36
"1882","2016-04-23 12:49:00",42.1697014985015,36
"1883","2016-04-23 12:54:00",42.3038030858031,37
"1884","2016-04-23 12:59:00",42.2072993339993,37
"1885","2016-04-23 13:04:00",42.0335818736819,34
"1886","2016-04-23 13:09:00",41.9238469530469,35
"1887","2016-04-23 13:14:00",42.0210872849373,35
"1888","2016-04-23 13:19:00",42.0746848318348,37
"1889","2016-04-23 13:24:00",42.1066021478521,37
"1890","2016-04-23 13:29:00",42.0487136197136,35
"1891","2016-04-23 13:34:00",45.836093020868,35
"1892","2016-04-23 13:39:00",45.5232358780108,33
"1893","2016-04-23 13:44:00",45.3808192113442,32
"1894","2016-04-23 13:49:00",45.0728928044178,32
"1895","2016-04-23 13:54:00",44.8653739732489,31
"1896","2016-04-23 13:59:00",44.7238145715395,33
"1897","2016-04-23 14:04:00",36.1331608877964,33
"1898","2016-04-23 14:09:00",36.1008010587366,31
"1899","2016-04-23 14:14:00",36.0334799354154,30
"1900","2016-04-23 14:19:00",36.1437608877964,30
"1901","2016-04-23 14:24:00",36.1211608877964,30
"1902","2016-04-23 14:29:00",35.9947497766853,28
"1903","2016-04-23 14:34:00",37.0952669650525,29
"1904","2016-04-23 14:39:00",36.9444997766853,28
"1905","2016-04-23 14:44:00",36.671498477984,27
"1906","2016-04-23 14:49:00",36.3179672370027,27
"1907","2016-04-23 14:54:00",36.1828386655742,25
"1908","2016-04-23 14:59:00",36.0613870782726,25
"1909","2016-04-23 15:04:00",36.2133323163678,25
"1910","2016-04-23 15:09:00",36.1733331100186,23
"1911","2016-04-23 15:14:00",36.0632659216514,21
"1912","2016-04-23 15:19:00",36.0780388820244,21
"1913","2016-04-23 15:24:00",35.8778346973202,22
"1914","2016-04-23 15:29:00",35.2838373391229,22
"1915","2016-04-23 15:34:00",36.1948912531912,22
"1916","2016-04-23 15:39:00",36.0641301420801,23
"1917","2016-04-23 15:44:00",36.1280745865246,24
"1918","2016-04-23 15:49:00",36.1815745865246,23
"1919","2016-04-23 15:54:00",36.1289579198579,23
"1920","2016-04-23 15:59:00",36.0498634754135,24
"1921","2016-04-23 16:04:00",36.0912079198579,24
"1922","2016-04-23 16:09:00",36.0094412531913,23
"1923","2016-04-23 16:14:00",36.2482745865246,23
"1924","2016-04-23 16:19:00",36.4623031579531,23
"1925","2016-04-23 16:24:00",36.4878642690643,22
"1926","2016-04-23 16:29:00",36.4732356976357,22
"1927","2016-04-23 16:34:00",34.6938907360613,18
"1928","2016-04-23 16:39:00",34.726557402728,18
"1929","2016-04-23 16:44:00",34.7124240693947,18
"1930","2016-04-23 16:49:00",34.6584240693947,18
"1931","2016-04-23 16:54:00",34.5703431170137,16
"1932","2016-04-23 16:59:00",34.6110907360613,15
"1933","2016-04-23 17:04:00",31.8101909090909,15
"1934","2016-04-23 17:09:00",31.7844028138528,15
"1935","2016-04-23 17:14:00",31.8014504329004,15
"1936","2016-04-23 17:19:00",31.7910742424242,18
"1937","2016-04-23 17:24:00",31.8725409090909,19
"1938","2016-04-23 17:29:00",31.8884075757576,21
"1939","2016-04-23 17:34:00",31.6051610639361,22
"1940","2016-04-23 17:39:00",31.6033745559996,23
"1941","2016-04-23 17:44:00",31.738095984571,24
"1942","2016-04-23 17:49:00",31.725869000444,26
"1943","2016-04-23 17:54:00",31.6619269369519,26
"1944","2016-04-23 17:59:00",31.8075309052059,28
"1945","2016-04-23 18:04:00",31.9273697940948,29
"1946","2016-04-23 18:09:00",31.9758891303141,29
"1947","2016-04-23 18:14:00",31.9278599095349,30
"1948","2016-04-23 18:19:00",31.9208356671107,32
"1949","2016-04-23 18:24:00",32.1205518287268,36
"1950","2016-04-23 18:29:00",32.19961503219,39
"1951","2016-04-23 18:34:00",30.6865029165279,40
"1952","2016-04-23 18:39:00",30.7276243450993,38
"1953","2016-04-23 18:44:00",30.7540148212898,35
"1954","2016-04-23 18:49:00",30.784721964147,36
"1955","2016-04-23 18:54:00",30.7863243450993,37
"1956","2016-04-23 18:59:00",30.7804243450993,37
"1957","2016-04-23 19:04:00",30.7789052974803,37
"1958","2016-04-23 19:09:00",30.8138052974803,36
"1959","2016-04-23 19:14:00",30.7861052974803,35
"1960","2016-04-23 19:19:00",30.8091243450993,33
"1961","2016-04-23 19:24:00",30.8878481546232,34
"1962","2016-04-23 19:29:00",30.8792814879565,34
"1963","2016-04-23 19:34:00",27.6846856948607,32
"1964","2016-04-23 19:39:00",27.6514166472417,30
"1965","2016-04-23 19:44:00",27.6685079170829,30
"1966","2016-04-23 19:49:00",27.6312079170829,30
"1967","2016-04-23 19:54:00",27.6183912504163,30
"1968","2016-04-23 19:59:00",27.6370912504163,30
"1969","2016-04-23 20:04:00",27.6134523615274,30
"1970","2016-04-23 20:09:00",27.6473801393051,29
"1971","2016-04-23 20:14:00",27.5930579170829,29
"1972","2016-04-23 20:19:00",27.5395079170829,26
"1973","2016-04-23 20:24:00",27.5686055361305,25
"1974","2016-04-23 20:29:00",27.556119028194,26
"1975","2016-04-23 20:34:00",23.8167634809635,26
"1976","2016-04-23 20:39:00",23.6791634809635,24
"1977","2016-04-23 20:44:00",23.7135634809635,24
"1978","2016-04-23 20:49:00",23.6781920523921,21
"1979","2016-04-23 20:54:00",23.6751634809635,18
"1980","2016-04-23 20:59:00",23.6079634809635,15
"1981","2016-04-23 21:04:00",23.6589634809635,13
"1982","2016-04-23 21:09:00",23.5941920523921,11
"1983","2016-04-23 21:14:00",23.5633920523921,10
"1984","2016-04-23 21:19:00",23.5185253857254,8
"1985","2016-04-23 21:24:00",23.5181920523921,8
"1986","2016-04-23 21:29:00",23.5749634809635,7
"1987","2016-04-23 21:34:00",22.168518964369,6
"1988","2016-04-23 21:39:00",22.1411570596071,5
"1989","2016-04-23 21:44:00",22.0847427738928,5
"1990","2016-04-23 21:49:00",22.0412618215118,5
"1991","2016-04-23 21:54:00",22.0441761072261,5
"1992","2016-04-23 21:59:00",22.0380618215118,5
"1993","2016-04-23 22:04:00",21.9446094405594,5
"1994","2016-04-23 22:09:00",22.0252618215118,4
"1995","2016-04-23 22:14:00",22.0239618215118,3
"1996","2016-04-23 22:19:00",22.0325284881785,3
"1997","2016-04-23 22:24:00",22.0083570596071,3
"1998","2016-04-23 22:29:00",22.0204332500833,2
"1999","2016-04-23 22:34:00",19.840651029526,2
"2000","2016-04-23 22:39:00",19.8539430930181,2
"2001","2016-04-23 22:44:00",19.8213653152403,1
"2002","2016-04-23 22:49:00",19.8121430930181,1
"2003","2016-04-23 22:54:00",19.8069367438117,1
"2004","2016-04-23 22:59:00",19.8244986485736,0
"2005","2016-04-23 23:04:00",19.8241653152403,0
"2006","2016-04-23 23:09:00",19.8246986485736,0
"2007","2016-04-23 23:14:00",19.8236986485737,0
"2008","2016-04-23 23:19:00",19.8236986485737,0
"2009","2016-04-23 23:24:00",19.8241430930181,0
"2010","2016-04-23 23:29:00",19.8246986485736,0
"2011","2016-04-23 23:34:00",20.267292016317,0
"2012","2016-04-23 23:39:00",20.267292016317,0
"2013","2016-04-23 23:44:00",20.203292016317,0
"2014","2016-04-23 23:49:00",20.267292016317,0
"2015","2016-04-23 23:54:00",20.267292016317,0
"2016","2016-04-23 23:59:00",20.267292016317,0
